ParticipantName,TeamName,Position,Accurate long balls per 90,Accurate passes per 90,Assists,Big chances created,Big chances missed,Blocks per 90,Chances created,Clean sheets,Clearances per 90,Expected assist (xA),Expected assist (xA) per 90,Expected goals (xG),Expected goals (xG) per 90,Expected goals on target (xGOT),Fouls committed per 90,Goals conceded per 90,Goals per 90,Goals prevented,Interceptions per 90,Penalties conceded,Penalties won,Possession won final 3rd per 90,Red cards,Save percentage,Saves per 90,Shots on target per 90,Successful dribbles per 90,Top scorer,Yellow cards
Aaron Anselmino,Borussia Dortmund,DEF,,,,,,,,,,0.1,,0.1,,0.2,,,,,,,,,,,,,,1.0,
Aaron Zehnter,VfL Wolfsburg,DEF,2.5,29.6,,1.0,1.0,0.4,15.0,,3.0,1.5,0.11,0.5,0.04,0.4,0.1,,0.15,,1.2,,,0.1,,,,0.2,0.3,2.0,
Abdoulie Ceesay,FC St. Pauli,ATT,,14.8,,,2.0,,1.0,,0.5,0.1,0.05,0.5,0.23,0.4,4.6,,,,,,1.0,0.5,,,,0.5,0.9,,2.0
Aboubaka Soumahoro,Hamburger SV,DEF,,,,,,,1.0,,,0.2,,,,,,,,,,1.0,,,,,,,,,1.0
Adam Daghim,VfL Wolfsburg,ATT,0.3,18.1,1.0,1.0,2.0,0.1,5.0,,1.7,1.3,0.17,1.2,0.16,1.2,1.6,,0.26,,0.9,,,0.1,,,,0.7,0.4,2.0,
Adam Dzwigala,FC St. Pauli,DEF,2.1,38.0,1.0,,,0.3,4.0,,6.1,0.2,0.02,0.1,0.01,0.4,1.3,,0.11,,1.1,,,,,,,0.1,0.1,1.0,5.0
Adam Hlozek,TSG 1899 Hoffenheim,ATT,,,,,1.0,,,,,0.0,,0.1,,0.4,,,,,,,,,,,,,,,
Adam Koelle,1. FC Heidenheim 1846,Code_1,,,,,,,1.0,,,0.1,,0.4,,0.7,,,,,,,,,,,,,,1.0,1.0
Adrian Beck,1. FC Heidenheim 1846,ATT,1.5,31.1,,,1.0,0.2,12.0,,0.7,0.8,0.1,0.8,0.1,1.5,1.2,,0.12,,0.4,,,0.5,,,,0.5,1.9,1.0,
Aiman Dardari,FC Augsburg,MID,,,,,,,,,,0.0,,0.1,,,,,,,,,,,,,,,,,1.0
Albert Sambi Lokonga,Hamburger SV,MID,1.3,32.8,,,,0.8,15.0,,1.1,1.0,0.09,1.2,0.11,2.7,1.0,,0.36,,0.9,,1.0,0.5,,,,0.6,0.4,4.0,2.0
Albian Hajdari,TSG 1899 Hoffenheim,DEF,3.9,46.9,,2.0,1.0,0.8,3.0,,7.0,0.4,0.03,1.4,0.09,1.4,1.7,,0.07,,1.4,1.0,,0.1,,,,0.2,0.1,1.0,7.0
Aleix Garcia,Bayer 04 Leverkusen,MID,5.5,98.9,4.0,8.0,1.0,0.2,28.0,,1.1,3.6,0.21,1.3,0.08,0.7,0.2,,0.06,,0.8,,,0.2,,,,0.2,0.1,1.0,3.0
Alejandro Grimaldo,Bayer 04 Leverkusen,MID,2.0,58.6,5.0,8.0,3.0,0.1,31.0,,1.9,3.4,0.24,4.0,0.28,4.5,0.4,,0.35,,0.7,,,0.4,,,,0.8,1.1,5.0,4.0
Alejo Sarco,Borussia Mönchengladbach,ATT,,,,1.0,,,2.0,,,0.0,,0.2,,,,,,,,,,,,,,,,,
Aleksandar Pavlovic,Bayern München,MID,4.4,99.5,1.0,2.0,,0.5,15.0,,1.1,1.8,0.16,1.2,0.11,1.4,1.1,,0.18,,0.9,,,0.1,,,,0.4,0.3,2.0,2.0
Alessio Castro-Montes,1. FC Köln,MID,,,3.0,3.0,,,16.0,,,1.6,,0.2,,,,,,,,1.0,,,,,,,,,2.0
Alex Kral,1. FC Union Berlin,MID,1.6,20.7,,,,0.4,2.0,,2.3,0.1,0.05,0.1,0.04,0.0,1.6,,,,0.8,,,,,,,0.4,1.2,,1.0
Alexander Nübel,VfB Stuttgart,GK,,26.3,1.0,1.0,,,3.0,8.0,1.1,0.1,0.0,,,,,1.3,,3.5,0.1,,,,,69.4,3.0,,,,
Alexander Prass,TSG 1899 Hoffenheim,MID,1.2,26.7,1.0,2.0,1.0,0.4,8.0,,1.3,1.4,0.18,0.6,0.07,2.1,2.1,,0.13,,0.4,,,0.6,,,,0.6,0.4,1.0,1.0
Alexander Røssing,Hamburger SV,ATT,0.6,15.5,1.0,2.0,,0.3,5.0,,0.8,0.4,0.12,0.1,0.02,0.4,3.7,,,,,,,0.3,1.0,,,0.6,1.7,,1.0
Alexis Claude,FC Augsburg,ATT,0.2,27.3,2.0,2.0,3.0,0.1,16.0,,0.5,1.8,0.14,2.7,0.21,2.6,1.2,,0.15,,0.3,,,0.5,,,,1.2,1.6,2.0,2.0
Aljoscha Kemlein,1. FC Union Berlin,MID,2.8,33.6,,1.0,1.0,0.2,8.0,,1.0,1.0,0.08,0.7,0.06,0.5,1.0,,,,1.0,,,0.2,,,,0.1,1.0,,2.0
Alphonso Davies,Bayern München,DEF,,,,,,,2.0,,,0.4,,,,,,,,,,,,,,,,,,,1.0
Ameen Al Dakhil,VfB Stuttgart,DEF,,,,,,,2.0,,,0.1,,0.1,,,,,,,,,,,,,,,,,1.0
Amos Pieper,SV Werder Bremen,DEF,4.5,57.6,,,,0.9,2.0,,7.2,0.4,0.04,0.4,0.04,0.4,0.7,,,,1.8,,,0.1,,,,0.3,,,3.0
Andreas Hanche-Olsen,1. FSV Mainz 05,DEF,2.3,37.7,1.0,1.0,,1.0,3.0,,8.8,0.1,0.01,0.4,0.04,0.7,1.4,,,,1.6,,,,,,,0.3,,,3.0
Andreas Hountondji,FC St. Pauli,ATT,0.1,8.3,,,3.0,0.1,4.0,,0.4,0.3,0.04,2.0,0.3,3.0,0.9,,0.58,,0.1,,,0.3,,,,1.0,1.0,4.0,1.0
Andreas Skov Olsen,VfL Wolfsburg,ATT,,,,1.0,1.0,,7.0,,,0.9,,0.3,,0.9,,,,,,,,,,,,,,1.0,1.0
Andrej Ilic,1. FC Union Berlin,ATT,0.1,9.8,7.0,5.0,11.0,0.3,22.0,,1.0,1.4,0.09,6.3,0.43,3.3,1.5,,,,,,1.0,0.4,,,,0.6,0.1,,4.0
Andrej Kramaric,TSG 1899 Hoffenheim,ATT,0.9,34.3,4.0,5.0,3.0,0.2,22.0,,0.5,2.9,0.22,5.9,0.45,8.9,0.2,,0.61,,0.5,,,1.1,,,,1.4,0.8,8.0,1.0
Andrija Maksimovic,RB Leipzig,ATT,,,,1.0,,,3.0,,,0.2,,0.1,,,,,,,,,,,,,,,,,
András Schäfer,1. FC Union Berlin,MID,0.1,21.1,,,1.0,0.4,3.0,,1.4,0.2,0.03,1.2,0.16,0.6,2.4,,0.13,,1.7,,,0.3,,,,0.5,0.3,1.0,1.0
Angelo Stiller,VfB Stuttgart,MID,2.1,66.2,4.0,5.0,3.0,0.2,35.0,,1.4,4.4,0.25,2.2,0.12,2.3,0.7,,0.06,,1.0,,,0.8,,,,0.2,0.5,1.0,1.0
Ansgar Knauff,Eintracht Frankfurt,ATT,0.1,16.1,1.0,4.0,2.0,,16.0,,0.6,1.4,0.13,2.4,0.22,3.3,1.8,,0.27,,0.6,,,0.6,,,,1.0,0.7,3.0,2.0
Anthony Caci,1. FSV Mainz 05,MID,,,,,,,6.0,,,0.5,,0.3,,,,,,,,,,,,,,,,,1.0
Anthony Jung,Sport-Club Freiburg,DEF,,,,1.0,,,3.0,,,0.8,,,,,,,,,,,,,,,,,,,2.0
Anton Kade,FC Augsburg,ATT,0.6,18.5,,1.0,3.0,0.1,14.0,,1.0,0.9,0.09,2.8,0.27,2.1,0.9,,0.2,,0.5,,1.0,0.6,,,,0.9,0.8,2.0,2.0
Antonio Nusa,RB Leipzig,ATT,0.8,21.9,2.0,4.0,3.0,,17.0,,0.4,3.1,0.23,3.8,0.29,2.1,0.4,,0.15,,0.4,,,0.3,,,,0.9,3.2,2.0,
Arijon Ibrahimovic,1. FC Heidenheim 1846,ATT,1.9,25.2,2.0,6.0,5.0,0.2,36.0,,1.1,3.7,0.23,3.8,0.24,3.1,0.6,,,,0.8,,,0.5,,,,0.9,0.8,,2.0
Arkadiusz Pyrka,FC St. Pauli,MID,1.2,26.2,,3.0,,0.5,11.0,,2.7,0.9,0.06,0.3,0.02,0.0,0.7,,,,0.9,,,0.5,,,,0.1,0.5,,3.0
Armindo Sieb,1. FSV Mainz 05,ATT,0.2,14.2,,1.0,4.0,,7.0,,0.2,0.4,0.08,2.0,0.42,2.3,2.7,,0.42,,,,,1.5,,,,1.3,1.0,2.0,1.0
Arnaud Kalimuendo-Muinga,Eintracht Frankfurt,ATT,,,1.0,1.0,2.0,,2.0,,,0.3,,1.2,,2.0,,,,,,,,,,,,,,2.0,2.0
Arnaud Nordin,1. FSV Mainz 05,ATT,1.0,25.5,,,,0.2,3.0,,1.2,0.5,0.1,0.8,0.15,0.5,0.8,,,,0.8,,,0.8,,,,0.4,0.8,,
Arne Maier,FC Augsburg,MID,,,,,,,,,,0.0,,,,,,,,,,,,,,,,,,,
Arthur,Bayer 04 Leverkusen,MID,0.9,27.2,3.0,2.0,1.0,0.1,10.0,,2.4,1.3,0.14,0.9,0.1,0.2,1.3,,0.11,,1.6,1.0,,0.7,,,,0.2,1.2,1.0,2.0
Arthur Chaves,FC Augsburg,DEF,,,,,,,3.0,,,0.1,,0.2,,0.9,,,,,,,,,,,,,,1.0,
Arthur Chaves,TSG 1899 Hoffenheim,DEF,,,,,,,,,,,,,,,,,,,,,,,,,,,,,1.0
Arthur Theate,Eintracht Frankfurt,DEF,2.9,59.3,,1.0,2.0,0.6,11.0,,6.0,1.1,0.06,0.7,0.04,0.7,0.6,,0.06,,1.3,,1.0,0.3,,,,0.2,0.2,1.0,8.0
Atakan Karazor,VfB Stuttgart,MID,0.8,41.5,,2.0,2.0,0.4,6.0,,3.0,1.3,0.1,0.5,0.04,0.8,1.1,,,,0.8,,,0.4,,,,0.2,0.3,,3.0
Aurelio Buta,Eintracht Frankfurt,MID,,,,,,,1.0,,,0.1,,0.0,,,,,,,,,,,,,,,,,1.0
Aurèle Amenda,Eintracht Frankfurt,DEF,3.3,54.0,,1.0,1.0,0.7,1.0,,8.8,0.3,0.05,0.3,0.05,,1.1,,,,1.6,,,0.2,,,,,,,2.0
Axel Tape-Kobrissa,Bayer 04 Leverkusen,DEF,,,,,1.0,,,,,0.0,,0.2,,0.2,,,,,,1.0,,,,,,,,,1.0
Ayoube Amaimouni-Echghouyab,Eintracht Frankfurt,ATT,,,1.0,,,,2.0,,,0.1,,0.1,,1.0,,,,,,,,,,,,,,1.0,1.0
Badredine Bouanani,VfB Stuttgart,ATT,1.1,29.6,,,2.0,,5.0,,0.9,0.9,0.19,0.7,0.15,0.1,0.2,,,,0.9,,,0.6,,,,0.4,0.9,,1.0
Bakery Jatta,Hamburger SV,MID,,,,,1.0,,2.0,,,0.2,,0.3,,0.8,,,,,,,,,,,,,,,
Bazoumana Touré,TSG 1899 Hoffenheim,ATT,0.6,19.7,5.0,6.0,2.0,0.1,23.0,,0.7,2.3,0.17,2.2,0.16,2.9,1.9,,0.15,,0.3,,1.0,1.0,,,,0.5,2.1,2.0,1.0
Ben Bobzien,1. FSV Mainz 05,ATT,,,,,,,,,,0.0,,,,,,,,,,,,,,,,,,,
Bence Dardai,VfL Wolfsburg,MID,,,,,,,1.0,,,0.0,,,,,,,,,,,,,,,,,,,
Benedict Hollerbach,1. FSV Mainz 05,ATT,0.3,13.6,2.0,3.0,5.0,0.1,4.0,,0.3,1.2,0.13,2.0,0.21,1.3,1.8,,0.1,,0.1,,,1.0,,,,0.6,1.2,1.0,
Benedikt Gimber,1. FC Heidenheim 1846,DEF,2.2,31.9,,1.0,,0.4,1.0,,5.0,0.3,0.03,0.2,0.02,0.0,2.0,,,,0.6,,,,,,,0.1,0.5,,5.0
Benjamin Henrichs,RB Leipzig,MID,,,,,,,,,,0.0,,,,,,,,,,,,,,,,,,,
Bernardo,TSG 1899 Hoffenheim,DEF,1.7,37.8,,1.0,,0.5,6.0,,5.2,0.6,0.04,0.2,0.01,,1.8,,,,1.6,1.0,,0.2,,,,,0.3,,6.0
Bilal El Khannouss,VfB Stuttgart,ATT,2.8,41.1,3.0,4.0,1.0,0.2,32.0,,0.3,3.5,0.3,1.5,0.13,2.5,1.0,,0.26,,0.4,,,0.5,,,,0.7,0.9,3.0,2.0
Bruno Ogbus,Sport-Club Freiburg,DEF,,,,,1.0,,,,,0.0,,0.1,,0.2,,,,,,,,,,,,,,,
Budu Zivzivadze,1. FC Heidenheim 1846,ATT,,,,1.0,2.0,,2.0,,,0.1,,1.8,,0.8,,,,,,,,,1.0,,,,,1.0,
Cameron Puertas,SV Werder Bremen,ATT,1.1,29.3,,1.0,,0.2,8.0,,1.3,1.0,0.1,1.0,0.1,0.5,1.7,,,,0.5,1.0,,0.4,,,,0.4,0.5,,3.0
Can Uzun,Eintracht Frankfurt,ATT,1.7,35.4,3.0,4.0,,0.1,13.0,,0.3,2.2,0.25,2.6,0.29,3.9,1.3,,0.67,,0.1,,,0.9,,,,1.1,0.7,6.0,2.0
Carney Chukwuemeka,Borussia Dortmund,ATT,0.3,32.9,,,1.0,,9.0,,0.6,1.5,0.23,1.7,0.26,1.0,0.9,,0.3,,0.9,,,0.4,,,,0.3,2.8,2.0,
Cassiano Kiala,Bayern München,DEF,,,,,,,,,,0.0,,,,,,,,,,,,,,,,,,,
Castello Lukeba,RB Leipzig,DEF,2.2,62.3,,,,0.9,5.0,,4.8,0.4,0.02,1.0,0.06,1.0,0.5,,0.06,,1.5,,,0.1,,,,0.1,0.9,1.0,1.0
Cedric Zesiger,FC Augsburg,DEF,2.1,39.7,,1.0,1.0,0.9,2.0,,6.6,0.5,0.07,0.3,0.04,0.3,1.0,,,,0.9,1.0,,0.1,,,,0.1,,,4.0
Cenk Özkacar,1. FC Köln,DEF,1.6,46.1,,,1.0,0.7,3.0,,4.8,0.1,0.01,0.4,0.05,0.5,0.6,,,,1.2,,,,,,,0.3,,,
Charles Herrmann,Borussia Mönchengladbach,Code_3,,,1.0,1.0,,,1.0,,,0.2,,,,,,,,,,,,,,,,,,,
Chema Andres,VfB Stuttgart,MID,1.2,44.4,,,1.0,0.8,7.0,,2.9,0.4,0.05,0.8,0.1,1.1,1.3,,0.13,,2.4,1.0,,0.3,,,,0.4,0.1,1.0,1.0
Chris Führich,VfB Stuttgart,ATT,1.1,41.1,3.0,6.0,,,19.0,,0.5,3.8,0.48,0.8,0.1,2.8,0.3,,0.38,,,,,1.1,,,,1.0,1.6,3.0,
Chrislain Matsima,FC Augsburg,DEF,2.4,41.3,1.0,1.0,,1.3,4.0,,6.1,0.4,0.03,0.4,0.03,0.8,0.6,,0.07,,2.1,,,,,,,0.1,0.1,1.0,5.0
Christian Eriksen,VfL Wolfsburg,ATT,1.7,34.7,4.0,5.0,1.0,0.2,27.0,,0.9,2.7,0.2,2.4,0.18,1.3,0.5,,0.07,,0.6,,,0.5,,,,0.4,0.4,1.0,3.0
Christian Günter,Sport-Club Freiburg,DEF,1.8,25.6,2.0,1.0,,0.2,12.0,,1.7,1.6,0.19,0.3,0.04,,0.5,,,,0.5,,,0.4,,,,,,,1.0
Christian Kofane,Bayer 04 Leverkusen,ATT,,12.3,1.0,,6.0,0.1,10.0,,1.6,0.4,0.06,3.6,0.48,3.4,2.4,,0.41,,0.3,,1.0,0.4,,,,1.5,0.8,3.0,3.0
Christoph Baumgartner,RB Leipzig,MID,1.3,24.0,6.0,4.0,9.0,0.2,26.0,,1.5,2.5,0.15,7.4,0.43,6.0,1.9,,0.35,,0.6,,,0.4,,,,1.1,0.5,6.0,5.0
Christopher Trimmel,1. FC Union Berlin,MID,2.4,18.7,2.0,6.0,,0.6,35.0,,3.6,3.5,0.29,0.0,0.0,,1.6,,,,0.5,,,0.2,,,,,0.1,,6.0
Chukwubuike Adamu,Sport-Club Freiburg,ATT,,,1.0,2.0,3.0,,4.0,,,0.2,,1.7,,1.7,,,,,,,,,,,,,,1.0,1.0
Claudio Echeverri,Bayer 04 Leverkusen,ATT,,,,,,,1.0,,,0.4,,0.1,,,,,,,,,,,,,,,,,
Cole Campbell,Borussia Dortmund,ATT,,,,,,,1.0,,,0.2,,0.1,,,,,,,,,,,,,,,,,
Connor Metcalfe,FC St. Pauli,MID,0.7,32.4,1.0,2.0,1.0,,3.0,,0.3,0.8,0.28,0.4,0.15,0.5,2.0,,,,1.0,,,0.3,,,,0.7,1.7,,
Conrad Harder,RB Leipzig,ATT,0.4,13.2,2.0,2.0,4.0,0.1,9.0,,0.3,0.6,0.09,2.2,0.32,1.9,1.7,,0.29,,0.7,,,0.1,,,,1.3,0.3,2.0,3.0
Cyriaque Irie,Sport-Club Freiburg,ATT,,,,,,,,,,0.0,,0.0,,,,,,,,,,,,,,,,,1.0
Damion Downs,Hamburger SV,ATT,,,,1.0,1.0,,2.0,,,0.0,,0.5,,0.6,,,,,,,,,,,,,,,
Dan-Axel Zagadou,VfB Stuttgart,DEF,,,,,,,1.0,,,0.1,,0.3,,0.0,,,,,,,1.0,,,,,,,,
Danel Sinani,FC St. Pauli,ATT,1.3,35.6,2.0,3.0,2.0,,24.0,,0.3,2.7,0.23,3.2,0.28,2.6,1.7,,0.26,,0.5,,,0.8,,,,0.8,0.6,3.0,2.0
Daniel Batz,1. FSV Mainz 05,GK,,,,,,,,1.0,,0.0,,,,,,,,,,,,,,,,,,,1.0
Daniel Elfadli,Hamburger SV,DEF,1.2,46.7,,,,0.6,2.0,,3.9,0.4,0.03,0.1,0.01,0.2,1.3,,,,1.3,1.0,,,1.0,,,0.1,0.2,,2.0
Daniel Heuer Fernandes,Hamburger SV,GK,,39.3,,,,,,5.0,0.9,0.1,0.0,0.3,0.01,,,1.5,,-0.8,,,,0.1,,66.7,3.1,,,,3.0
Daniel Svensson,Borussia Dortmund,MID,0.4,27.4,1.0,2.0,1.0,0.4,17.0,,3.0,3.5,0.21,0.9,0.05,1.5,1.2,,0.06,,0.7,,,0.4,,,,0.1,0.5,1.0,
Danilho Doekhi,1. FC Union Berlin,DEF,2.0,26.8,,,2.0,0.6,6.0,,5.2,1.1,0.06,2.9,0.14,2.6,1.0,,0.2,,1.2,,,0.1,,,,0.2,0.1,4.0,3.0
Danny da Costa,1. FSV Mainz 05,DEF,2.9,30.0,1.0,2.0,2.0,0.6,10.0,,5.8,1.5,0.08,0.7,0.04,1.0,0.9,,0.05,,1.1,,,0.2,,,,0.2,0.4,1.0,3.0
David Raum,RB Leipzig,DEF,3.0,49.3,3.0,11.0,2.0,0.3,60.0,,3.9,6.7,0.34,2.0,0.1,2.3,1.2,,0.15,,1.2,2.0,,0.3,,,,0.3,0.6,3.0,4.0
David Santos,Bayern München,MID,,,,,,,,,,0.0,,,,,,,,,,,,,,,,,,,
Dayot Upamecano,Bayern München,DEF,2.6,76.3,1.0,2.0,1.0,0.3,6.0,,2.7,0.7,0.05,1.0,0.07,1.2,0.9,,0.08,,0.8,,,,,,,0.2,0.2,1.0,3.0
Denis Huseinbasic,1. FC Köln,MID,1.8,50.7,,,,0.1,4.0,,1.2,0.3,0.04,0.4,0.06,,1.1,,,,0.4,,,0.3,,,,,0.1,,1.0
Denis Vavro,VfL Wolfsburg,DEF,,,,,,,,,,0.1,,0.3,,0.6,,,,,,1.0,,,,,,,,1.0,1.0
Deniz Undav,VfB Stuttgart,ATT,0.7,16.6,3.0,4.0,9.0,,19.0,,,1.6,0.12,7.9,0.6,10.0,1.5,,0.84,,0.3,1.0,,0.7,,,,2.1,0.2,11.0,3.0
Derrick Köhn,1. FC Union Berlin,MID,1.1,20.5,1.0,3.0,1.0,0.3,14.0,,1.8,2.1,0.17,0.5,0.04,0.3,1.8,,,,0.4,,,0.3,1.0,,,0.2,0.7,,2.0
Derry Scherhant,Sport-Club Freiburg,ATT,0.4,12.3,,,1.0,0.1,9.0,,1.0,1.1,0.16,1.6,0.23,2.2,1.3,,0.58,,0.3,,,0.1,,,,1.2,1.6,4.0,1.0
Diant Ramaj,1. FC Heidenheim 1846,GK,,31.7,,,,,,,1.8,0.1,0.01,,,,0.1,2.3,,-0.4,,1.0,,,,59.8,3.4,,,,1.0
Dimitrios Giannoulis,FC Augsburg,MID,1.4,22.1,3.0,4.0,,0.4,19.0,,3.1,2.5,0.2,0.9,0.07,1.7,0.9,,0.16,,1.1,,,0.6,,,,0.3,1.0,2.0,5.0
Diogo Leite,1. FC Union Berlin,DEF,3.6,31.8,,,2.0,0.4,3.0,,6.2,0.6,0.04,1.1,0.07,0.8,1.3,,,,1.7,,1.0,,,,,0.1,0.3,,2.0
Dominik Kohr,1. FSV Mainz 05,DEF,3.8,34.4,,2.0,2.0,0.7,7.0,,4.7,1.7,0.12,0.9,0.06,0.2,1.4,,0.07,,1.5,,,0.1,2.0,,,0.1,0.2,1.0,5.0
Dominique Heintz,1. FC Köln,DEF,,,,,,,1.0,,,0.1,,,,,,,,,,1.0,,,,,,,,,
Dzenan Pejcinovic,VfL Wolfsburg,ATT,0.9,12.9,,,4.0,0.1,4.0,,1.0,0.2,0.02,4.4,0.51,4.6,1.0,,0.58,,,1.0,,0.5,,,,1.4,0.3,5.0,1.0
Edmond Tapsoba,Bayer 04 Leverkusen,DEF,3.1,81.6,2.0,2.0,1.0,0.7,7.0,,4.0,0.6,0.04,1.2,0.08,2.2,0.8,,0.21,,0.8,,,0.1,,,,0.3,0.3,3.0,3.0
El Chadaille Bitshiabu,RB Leipzig,DEF,,,,,,,1.0,,,0.1,,0.1,,,,,,,,,,,,,,,,,
Elias Baum,Eintracht Frankfurt,DEF,,,,,,,,,,0.0,,,,,,,,,,,,,,,,,,,
Elias Saad,FC Augsburg,ATT,0.2,21.8,,,1.0,0.2,12.0,,0.4,0.4,0.07,0.5,0.09,0.4,1.4,,,,0.2,,,1.3,,,,0.5,2.7,,1.0
Eliesse Ben Seghir,Bayer 04 Leverkusen,ATT,,,,2.0,,,5.0,,,0.9,,0.1,,0.3,,,,,,,,,,,,,,,2.0
Ellyes Skhiri,Eintracht Frankfurt,MID,2.0,44.1,,,2.0,0.2,5.0,,1.4,0.4,0.04,0.3,0.03,,0.8,,,,1.8,,,0.2,1.0,,,,0.2,,
Elvis Rexhbecaj,FC Augsburg,MID,1.0,25.1,,1.0,,,8.0,,1.4,1.0,0.11,0.4,0.04,0.9,1.2,,0.1,,0.4,,,0.9,,,,0.3,0.4,1.0,4.0
Elye Wahi,Eintracht Frankfurt,ATT,,18.6,1.0,1.0,6.0,0.3,4.0,,,0.1,0.04,0.8,0.22,0.5,0.6,,,,,,,,,,,0.8,0.3,,1.0
Emir Sahiti,Hamburger SV,ATT,,,,,,,1.0,,,0.0,,,,,,,,,,,,,,,,,,,
Emre Can,Borussia Dortmund,DEF,,,,,,,,,,0.4,,2.4,,2.9,,,,,,,,,,,,,,3.0,3.0
Equi Fernandez,Bayer 04 Leverkusen,MID,2.8,66.2,,1.0,,0.3,4.0,,1.8,0.8,0.13,0.4,0.07,0.3,1.5,,,,1.3,,,0.5,1.0,,,0.2,1.2,,1.0
Eren Dinkci,1. FC Heidenheim 1846,ATT,,,1.0,,2.0,,2.0,,,0.3,,0.7,,0.4,,,,,,,,,,,,,,,
Eren Dinkci,Sport-Club Freiburg,ATT,,,,,,,,,,,,,,,,,,,,,,,,,,,,,1.0
Eric Martel,1. FC Köln,DEF,1.0,44.9,2.0,4.0,,0.9,11.0,,5.0,0.9,0.05,0.8,0.04,0.6,1.6,,0.06,,1.2,,,0.2,,,,0.1,0.1,1.0,6.0
Eric Smith,FC St. Pauli,DEF,3.6,53.0,2.0,,1.0,0.7,10.0,,3.8,0.7,0.04,0.5,0.03,1.2,0.6,,0.11,,0.9,2.0,,0.1,1.0,,,0.3,0.5,2.0,3.0
Ermedin Demirovic,VfB Stuttgart,ATT,0.1,9.9,1.0,,4.0,0.1,7.0,,1.0,0.9,0.13,2.9,0.41,4.9,2.5,,0.7,,0.1,,1.0,0.6,,,,1.1,0.4,5.0,2.0
Ernest Poku,Bayer 04 Leverkusen,ATT,0.5,27.0,3.0,2.0,4.0,,18.0,,0.7,2.4,0.22,2.6,0.24,1.9,0.3,,0.36,,0.5,,,0.3,,,,0.6,1.4,4.0,
Exequiel Palacios,Bayer 04 Leverkusen,MID,,,,,,,1.0,,,0.1,,0.1,,,,,,,,,,,,,,,,,
Ezechiel Banzuzi,RB Leipzig,MID,1.8,40.5,1.0,,1.0,0.7,5.0,,5.5,0.2,0.05,0.6,0.15,0.2,1.8,,,,1.1,,,,,,,0.7,0.5,,2.0
Fabian Rieder,FC Augsburg,ATT,1.0,19.1,2.0,3.0,,0.1,17.0,,0.3,2.1,0.14,2.7,0.19,3.2,1.8,,0.2,,0.5,,,0.6,,,,0.5,1.0,3.0,2.0
Fabio Balde,Hamburger SV,ATT,0.3,15.5,1.0,2.0,,,4.0,,0.6,0.3,0.08,0.4,0.11,0.4,0.9,,,,,,,,,,,0.9,2.7,,
Fabio Chiarodia,Borussia Mönchengladbach,DEF,,,,,,,,,,0.1,,0.0,,,,,,,,,,,,,,,,,
Fabio Moreno Fell,1. FSV Mainz 05,ATT,,,,,,,,,,0.0,,0.1,,,,,,,,,,,,,,,,,
Fabio Silva,Borussia Dortmund,ATT,,22.1,4.0,2.0,,0.2,11.0,,,1.1,0.25,0.6,0.14,0.1,1.8,,,,0.4,,,0.9,,,,0.4,1.6,,1.0
Fabio Vieira,Hamburger SV,MID,2.9,28.9,3.0,3.0,1.0,0.2,20.0,,1.0,1.5,0.14,2.6,0.24,1.9,1.0,,0.18,,0.5,,,0.2,2.0,,,0.6,1.0,2.0,1.0
Fares Chaibi,Eintracht Frankfurt,MID,1.1,30.2,7.0,6.0,2.0,0.2,24.0,,1.3,1.8,0.15,1.5,0.12,1.3,0.8,,0.08,,0.7,,,0.9,,,,0.4,0.4,1.0,1.0
Felipe Chavez,Bayern München,MID,,,,,,,1.0,,,0.4,,0.0,,,,,,,,,,,,,,,,,
Felix Agu,SV Werder Bremen,MID,,,,,,,5.0,,,0.4,,0.0,,0.0,,,,,,,,,,,,,,,1.0
Felix Nmecha,Borussia Dortmund,MID,1.7,37.4,3.0,2.0,1.0,0.2,14.0,,1.0,3.3,0.2,1.2,0.07,1.5,1.1,,0.12,,1.3,,,0.4,,,,0.2,1.3,2.0,
Filippo Mane,Borussia Dortmund,DEF,,,,,,,,,,0.2,,,,,,,,,,1.0,,,1.0,,,,,,
Finn Dahmen,FC Augsburg,GK,,28.9,,1.0,,,3.0,3.0,1.6,0.2,0.01,,,,,1.9,,-3.1,,,,,,58.0,2.6,,,,
Finn Jeltsch,VfB Stuttgart,DEF,1.1,55.9,1.0,,,0.9,5.0,,4.7,0.2,0.02,0.1,0.01,,0.8,,,,1.2,1.0,,,,,,,0.3,,3.0
Fisnik Asllani,TSG 1899 Hoffenheim,ATT,0.3,16.6,3.0,4.0,4.0,,22.0,,0.8,1.8,0.12,5.1,0.35,5.1,1.0,,0.42,,0.3,,1.0,1.1,,,,1.0,0.6,6.0,1.0
Florian Kainz,1. FC Köln,ATT,3.1,47.3,,,2.0,,7.0,,1.5,0.4,0.16,0.7,0.28,1.2,1.2,,0.38,,1.5,,,0.8,,,,1.2,1.2,1.0,
Florian Neuhaus,Borussia Mönchengladbach,ATT,2.1,37.2,1.0,1.0,,0.4,7.0,,1.1,1.5,0.15,1.0,0.1,0.4,0.9,,,,0.9,,,0.5,,,,0.5,0.6,,
Forzan Assan Ouedraogo,RB Leipzig,MID,0.6,22.7,3.0,6.0,1.0,0.4,8.0,,1.3,1.6,0.23,2.0,0.29,2.8,0.6,,0.44,,0.4,,,0.6,,,,1.3,1.6,3.0,
Franck Honorat,Borussia Mönchengladbach,ATT,0.3,18.6,5.0,5.0,1.0,0.2,23.0,,1.2,3.9,0.34,0.6,0.05,0.4,0.8,,,,0.3,,1.0,0.4,,,,0.3,1.0,,
Frederik Rønnow,1. FC Union Berlin,GK,,17.0,,,,,2.0,4.0,0.8,0.1,0.0,,,,0.1,1.7,,-2.1,,1.0,,,,62.9,2.8,,,,1.0
Fynn Schenten,1. FC Köln,ATT,,,,,,,1.0,,,0.2,,0.0,,,,,,,,,,,,,,,,,
Gian-Luca Waldschmidt,1. FC Köln,ATT,2.0,23.9,2.0,3.0,3.0,0.2,8.0,,0.7,0.7,0.15,3.3,0.73,3.0,0.4,,0.67,,,,,0.4,,,,1.6,0.4,3.0,
Giorgi Gocholeishvili,Hamburger SV,MID,1.7,18.6,,,1.0,0.1,9.0,,2.1,0.4,0.05,0.6,0.08,0.1,1.4,,,,0.5,,,0.4,1.0,,,0.2,1.4,,1.0
Giovanni Reyna,Borussia Mönchengladbach,ATT,2.3,39.5,,,,0.2,6.0,,1.4,1.2,0.27,0.3,0.06,0.0,1.1,,,,0.9,,,0.7,,,,0.2,1.6,,1.0
Grant-Leon Ranos,Borussia Mönchengladbach,ATT,,,,,,,1.0,,,0.1,,0.5,,1.1,,,,,,,,,,,,,,1.0,1.0
Gregor Kobel,Borussia Dortmund,GK,,22.2,,,,,,10.0,0.6,0.1,0.0,,,,,1.0,,2.8,,,,,,72.5,2.5,,,,2.0
Grischa Prömel,TSG 1899 Hoffenheim,MID,1.5,41.2,2.0,1.0,4.0,0.4,11.0,,2.7,1.6,0.14,3.2,0.3,4.1,0.9,,0.55,,0.8,,,0.7,,,,0.7,0.4,6.0,2.0
Guilherme Ramos,Hamburger SV,DEF,,,,,,,1.0,,,0.0,,0.2,,0.1,,,,,,,,,,,,,,,
Han-Noah Massengo,FC Augsburg,MID,0.9,36.5,1.0,3.0,1.0,0.3,11.0,,1.8,1.1,0.06,1.0,0.06,1.4,0.8,,0.11,,1.3,,,0.7,,,,0.2,0.9,2.0,1.0
Haris Tabakovic,Borussia Mönchengladbach,ATT,0.1,12.5,2.0,,6.0,0.2,10.0,,2.4,0.5,0.03,9.6,0.62,11.0,1.8,,0.65,,,,,0.3,,,,1.1,0.3,10.0,
Harry Kane,Bayern München,ATT,3.4,24.0,4.0,10.0,10.0,0.2,26.0,,1.4,2.8,0.15,15.7,0.87,18.8,0.9,,1.23,,0.3,,2.0,0.4,,,,2.3,1.2,22.0,1.0
Hauke Wahl,FC St. Pauli,DEF,2.4,50.1,,,1.0,0.4,3.0,,5.0,0.7,0.04,0.4,0.02,1.0,0.5,,0.06,,0.7,1.0,,0.1,,,,0.2,,1.0,
Hennes Behrens,1. FC Heidenheim 1846,DEF,,,,1.0,,,1.0,,,0.5,,0.0,,,,,,,,,,,,,,,,,
Hiroki Ito,Bayern München,DEF,,,2.0,1.0,1.0,,4.0,,,0.6,,0.8,,1.0,,,,,,,,,,,,,,1.0,
Hugo Larsson,Eintracht Frankfurt,MID,2.5,39.2,2.0,,,0.1,8.0,,0.8,0.5,0.06,0.8,0.09,1.1,0.5,,0.11,,1.1,1.0,,0.1,,,,0.2,0.2,1.0,
Ibrahim Maza,Bayer 04 Leverkusen,ATT,1.1,48.1,2.0,3.0,1.0,0.1,8.0,,0.4,1.3,0.15,1.6,0.18,2.5,0.8,,0.22,,1.3,,,0.3,,,,0.8,2.1,2.0,1.0
Igor Matanovic,Sport-Club Freiburg,ATT,0.3,12.7,,2.0,2.0,0.2,5.0,,3.1,0.3,0.04,5.7,0.93,5.3,3.6,,0.81,,0.8,,,0.2,,,,1.8,0.8,5.0,
Ihlas Bebou,TSG 1899 Hoffenheim,ATT,,17.2,,2.0,1.0,0.7,2.0,,1.4,0.7,0.46,0.5,0.35,0.6,2.1,,,,2.1,,,1.4,,,,1.4,1.4,,1.0
Ikoma Lois Openda,RB Leipzig,ATT,,,,,,,1.0,,,0.3,,0.1,,,,,,,,,,,,,,,,,
Ilyas Ansah,1. FC Union Berlin,ATT,0.2,10.9,1.0,1.0,2.0,0.1,12.0,,0.9,0.9,0.06,2.6,0.18,2.6,1.0,,0.34,,0.3,,,0.5,,,,0.5,1.4,5.0,
Immanuel Pherai,Hamburger SV,MID,,,,,,,,,,0.0,,0.0,,,,,,,,,,,1.0,,,,,,
Isaac Schmidt,SV Werder Bremen,DEF,0.8,36.6,,,,,7.0,,2.9,0.6,0.13,1.0,0.2,1.1,1.4,,0.21,,1.2,,,0.4,,,,0.4,1.2,1.0,1.0
Isak Bergmann Johannesson,1. FC Köln,MID,2.7,36.9,,1.0,,0.2,19.0,,0.9,2.6,0.21,0.6,0.05,0.9,0.6,,0.08,,0.2,,,0.1,,,,0.1,0.2,1.0,3.0
Isak Hansen-Aarøen,SV Werder Bremen,MID,,,,,,,,,,0.0,,,,,,,,,,,,,,,,,,,
Ismaël Gharbi,FC Augsburg,ATT,,,,,,,1.0,,,0.1,,0.2,,,,,,,,,,,,,,,,,
Jackson Irvine,FC St. Pauli,MID,0.9,28.4,,1.0,,0.7,4.0,,2.7,0.6,0.11,0.5,0.09,0.8,0.9,,,,1.8,,,,,,,0.4,0.7,,
Jae-Sung Lee,1. FSV Mainz 05,ATT,0.9,20.1,2.0,7.0,2.0,,17.0,,1.6,2.4,0.14,1.8,0.11,2.3,0.9,,0.12,,1.1,,1.0,0.4,,,,0.3,0.2,2.0,2.0
Jahmai Simpson-Pusey,1. FC Köln,DEF,,,,,,,1.0,,,0.0,,0.2,,0.1,,,,,,,,,,,,,,,
Jakub Kaminski,1. FC Köln,ATT,0.7,23.5,1.0,7.0,1.0,0.3,26.0,,1.3,2.8,0.14,3.6,0.18,5.3,0.4,,0.25,,0.6,,,0.5,,,,0.7,0.6,5.0,
Jamal Musiala,Bayern München,ATT,,,1.0,,,,2.0,,,0.1,,0.1,,0.2,,,,,,,,,,,,,,,
James Sands,FC St. Pauli,MID,1.0,32.2,,2.0,,0.3,8.0,,1.5,0.6,0.04,0.6,0.03,0.8,1.3,,0.06,,1.6,,,0.2,,,,0.2,0.1,1.0,4.0
Jamie Leweling,VfB Stuttgart,ATT,0.4,20.4,5.0,4.0,,0.1,26.0,,0.8,3.1,0.19,2.6,0.16,3.4,0.7,,0.25,,0.7,1.0,,0.7,,,,0.8,1.3,4.0,4.0
Jan Buerger,VfL Wolfsburg,DEF,,,,,,,2.0,,,0.0,,0.0,,,,,,,,,,,,,,,,,
Jan Schöppner,1. FC Heidenheim 1846,MID,1.1,18.7,1.0,3.0,,0.4,6.0,,3.6,0.6,0.04,0.9,0.06,1.7,1.1,,0.07,,1.3,1.0,,0.3,,,,0.3,0.7,1.0,4.0
Jan Thielmann,1. FC Köln,ATT,1.1,15.9,1.0,1.0,2.0,0.2,7.0,,2.5,0.5,0.04,1.7,0.14,2.6,0.6,,0.16,,0.9,,,0.2,,,,0.7,0.2,2.0,2.0
Jan Urbich,Borussia Mönchengladbach,Code_3,,,,,,,1.0,,,0.0,,,,,,,,,,,,,,,,,,,
Jan-Niklas Beste,Sport-Club Freiburg,ATT,0.9,18.3,2.0,2.0,3.0,,26.0,,1.2,3.0,0.26,1.5,0.13,0.9,0.9,,,,0.9,,,0.3,,,,0.5,0.5,,4.0
Janik Haberer,1. FC Union Berlin,MID,1.8,25.3,1.0,3.0,1.0,0.1,17.0,,2.1,2.0,0.17,0.6,0.05,0.7,1.3,,,,0.5,,,0.5,,,,0.1,0.4,,5.0
Janis Blaswich,Bayer 04 Leverkusen,GK,,,,,,,,1.0,,0.0,,,,,,,,,,,,,,,,,,,
Jarell Quansah,Bayer 04 Leverkusen,DEF,2.0,59.0,,1.0,2.0,0.5,7.0,,4.3,0.7,0.05,0.6,0.04,1.5,0.8,,0.07,,1.1,,,0.1,,,,0.3,0.9,1.0,6.0
Jean Bahoya,Eintracht Frankfurt,ATT,0.6,23.1,1.0,3.0,,,15.0,,1.1,1.8,0.23,1.5,0.19,1.4,1.1,,0.25,,1.0,,,0.5,,,,0.5,1.8,2.0,
Jean-Luc Dompe,Hamburger SV,ATT,0.5,18.0,,6.0,,,29.0,,,3.6,0.33,1.2,0.11,1.6,0.2,,0.18,,,,,0.3,,,,0.8,1.7,2.0,
Jeanuël Belocian,Bayer 04 Leverkusen,DEF,,,,,1.0,,1.0,,,0.2,,0.3,,,,,,,,1.0,,,,,,,,,
Jeff Chabot,VfB Stuttgart,DEF,3.8,65.0,,,2.0,0.8,4.0,,7.1,0.5,0.03,0.8,0.05,0.8,1.4,,,,1.6,1.0,,0.3,,,,0.3,0.3,,1.0
Jeffrey Gouweleeuw,FC Augsburg,DEF,,,,,,,2.0,,,0.6,,0.1,,0.2,,,,,,1.0,,,,,,,,,2.0
Jens Castrop,Borussia Mönchengladbach,ATT,1.1,18.8,,,3.0,,9.0,,1.5,0.8,0.09,1.5,0.17,1.3,2.3,,0.11,,1.0,,,0.1,1.0,,,0.5,1.4,1.0,1.0
Jens Stage,SV Werder Bremen,MID,2.2,31.6,1.0,3.0,1.0,0.5,14.0,,1.6,2.1,0.12,3.4,0.2,4.6,1.1,,0.35,,0.6,,,0.4,,,,0.7,0.5,6.0,4.0
Jenson Seelt,VfL Wolfsburg,DEF,,,,,1.0,,,,,0.1,,0.2,,,,,,,,1.0,,,,,,,,,
Jeremy Arevalo,VfB Stuttgart,ATT,,,,,,,,,,0.0,,,,,,,,,,,,,,,,,,,
Jesper Lindstrøm,VfL Wolfsburg,ATT,,,,1.0,,,2.0,,,0.1,,0.3,,0.2,,,,,,,,,,,,,,,1.0
Jessic Ngankam,Eintracht Frankfurt,ATT,,,,,,,,,,0.0,,,,,,,,,,,,,,,,,,,
Joakim Mæhle,VfL Wolfsburg,DEF,,,1.0,3.0,1.0,,6.0,,,1.1,,0.4,,0.3,,,,,,1.0,,,,,,,,,
Jobe Bellingham,Borussia Dortmund,MID,2.7,47.2,1.0,1.0,,0.4,4.0,,1.5,0.6,0.08,0.6,0.07,0.5,1.0,,,,2.3,,,0.6,1.0,,,0.2,0.7,,1.0
Joel Chima Fujita,FC St. Pauli,MID,1.4,32.3,3.0,5.0,,0.1,24.0,,0.7,3.3,0.17,0.7,0.03,0.3,1.3,,,,1.2,,,0.7,,,,0.1,1.3,,3.0
Joel Schmied,1. FC Köln,DEF,1.1,33.6,,,,0.9,2.0,,3.8,0.2,0.02,0.2,0.02,,1.4,,,,1.0,,,0.1,,,,,,,4.0
Johan Bakayoko,RB Leipzig,ATT,0.3,25.8,,,2.0,,8.0,,0.4,1.0,0.13,1.5,0.21,1.3,1.2,,0.27,,0.1,,1.0,0.4,,,,0.9,1.9,2.0,1.0
Johan Manzambi,Sport-Club Freiburg,MID,1.4,34.9,2.0,3.0,1.0,0.1,13.0,,1.5,2.8,0.19,1.9,0.13,1.5,1.1,,0.2,,1.3,,1.0,0.5,1.0,,,0.4,1.4,3.0,4.0
Jonas Föhrenbach,1. FC Heidenheim 1846,DEF,0.7,20.5,1.0,3.0,,0.2,20.0,,3.2,2.6,0.14,0.5,0.03,0.9,0.7,,0.05,,1.1,,,0.2,,,,0.1,0.1,1.0,3.0
Jonas Hofmann,Bayer 04 Leverkusen,ATT,1.6,41.0,1.0,4.0,1.0,,12.0,,1.5,1.6,0.18,1.3,0.15,2.7,0.5,,0.23,,0.2,,1.0,0.6,,,,0.7,0.6,2.0,2.0
Jonas Meffert,Hamburger SV,MID,,,,,,,2.0,,,0.5,,,,,,,,,,,,,,,,,,,
Jonas Urbig,Bayern München,GK,,,,,,,,3.0,,0.0,,,,,,,,,,,,,,,,,,,
Jonas Wind,VfL Wolfsburg,ATT,,,,,2.0,,4.0,,,0.3,,0.8,,0.7,,,,,,,,,,,,,,,1.0
Jonathan Burkardt,Eintracht Frankfurt,ATT,0.8,11.7,,,4.0,,6.0,,0.4,0.4,0.05,6.0,0.79,5.2,1.1,,1.05,,0.1,,1.0,0.3,,,,1.6,0.7,8.0,1.0
Jonathan Tah,Bayern München,DEF,2.0,82.0,1.0,1.0,1.0,0.7,5.0,,4.9,0.9,0.06,0.7,0.04,2.4,1.2,,0.13,,1.2,,,,,,,0.3,0.1,2.0,3.0
Jordan Torunarigha,Hamburger SV,DEF,2.4,50.6,,,,0.6,1.0,,7.4,0.5,0.06,0.0,0.0,0.0,1.1,,,,1.5,,,,,,,0.1,0.5,,1.0
Jordy Makengo,Sport-Club Freiburg,DEF,1.2,28.6,,,,0.9,3.0,,3.3,0.5,0.05,,,,1.0,,,,0.7,1.0,,0.1,,,,,0.6,,1.0
Joseph Scally,Borussia Mönchengladbach,DEF,0.9,25.5,2.0,2.0,2.0,0.1,7.0,,2.8,1.0,0.06,1.0,0.06,1.5,1.2,,0.06,,0.8,,,0.2,,,,0.4,0.7,1.0,5.0
Josha Vagnoman,VfB Stuttgart,DEF,0.8,29.0,3.0,3.0,5.0,0.1,16.0,,2.4,1.8,0.13,2.9,0.2,2.1,1.0,,0.07,,0.2,,1.0,0.1,,,,0.8,0.3,1.0,3.0
Joshua Kimmich,Bayern München,MID,7.3,99.3,5.0,11.0,1.0,0.1,32.0,,0.7,5.6,0.42,1.9,0.14,1.3,0.3,,0.07,,0.7,1.0,,0.4,,,,0.4,0.5,1.0,4.0
Josip Juranovic,1. FC Union Berlin,MID,,,,2.0,,,9.0,,,0.9,,0.1,,,,,,,,,,,,,,,,,1.0
Josip Stanisic,Bayern München,DEF,1.7,59.8,2.0,1.0,,0.3,9.0,,3.2,1.7,0.17,1.0,0.11,1.1,0.4,,0.2,,0.7,,,0.4,,,,0.2,0.1,2.0,1.0
Jovan Milosevic,SV Werder Bremen,ATT,,,,,,,,,,0.3,,0.4,,0.3,,,,,,,,,,,,,,1.0,1.0
Julian Brandt,Borussia Dortmund,ATT,1.1,30.8,2.0,4.0,2.0,,18.0,,0.8,2.7,0.26,4.3,0.42,4.6,0.2,,0.48,,0.3,,,0.9,,,,1.2,1.1,5.0,
Julian Malatini,SV Werder Bremen,DEF,,,,,,,2.0,,,0.3,,0.0,,,,,,,,,,,,,,,,,2.0
Julian Niehues,1. FC Heidenheim 1846,MID,2.1,33.6,,1.0,1.0,0.2,3.0,,2.7,0.7,0.08,1.0,0.1,1.8,0.7,,0.32,,1.5,,,0.2,,,,0.5,0.4,3.0,1.0
Julian Ryerson,Borussia Dortmund,MID,1.4,32.1,6.0,9.0,,0.2,25.0,,1.8,3.6,0.28,0.5,0.04,,0.8,,,,0.6,,,0.7,,,,,0.8,,4.0
Justin Njinmah,SV Werder Bremen,ATT,0.2,13.9,,1.0,3.0,,6.0,,0.6,0.4,0.04,4.1,0.35,4.6,0.5,,0.34,,0.3,,,0.8,,,,1.0,0.9,4.0,1.0
Jusuf Gazibegovic,1. FC Köln,DEF,,,,,,,,,,0.0,,,,,,,,,,,,,,,,,,,
Kacper Potulski,1. FSV Mainz 05,DEF,,,,,2.0,,,,,0.1,,0.8,,0.8,,,,,,1.0,,,,,,,,1.0,2.0
Kaishu Sano,1. FSV Mainz 05,MID,1.6,29.3,1.0,2.0,1.0,0.4,14.0,,1.8,1.6,0.08,0.9,0.04,1.0,0.4,,0.05,,2.3,,,0.3,,,,0.2,0.9,1.0,1.0
Kamil Grabara,VfL Wolfsburg,GK,,26.1,,,,,2.0,1.0,1.4,0.1,0.0,0.0,0.0,,,2.1,,-0.1,,,,,,60.7,3.3,,0.1,,1.0
Karim Adeyemi,Borussia Dortmund,ATT,0.3,16.7,2.0,4.0,3.0,,11.0,,0.1,2.3,0.23,3.4,0.34,4.5,1.6,,0.5,,0.4,,1.0,0.8,,,,1.1,2.2,5.0,3.0
Karim Coulibaly,SV Werder Bremen,DEF,2.8,55.6,,,1.0,0.8,6.0,,4.9,0.4,0.02,0.6,0.04,0.7,0.9,,0.06,,1.0,,,0.1,1.0,,,0.1,0.3,1.0,3.0
Karl Hein,SV Werder Bremen,GK,,,,,,,,1.0,,0.0,,,,,,,,,,,,,,,,,,,
Karol Mets,FC St. Pauli,DEF,2.5,51.0,,,,0.3,2.0,,5.2,0.5,0.04,0.1,0.01,,0.5,,,,1.2,,,0.1,,,,,0.1,,1.0
Kaua,Eintracht Frankfurt,GK,,,,,,,,,,0.0,,,,,,,,,,,,,,,,,,,
Keke Topp,SV Werder Bremen,ATT,0.4,21.2,1.0,1.0,2.0,,6.0,,1.3,0.5,0.11,1.2,0.26,0.9,2.6,,0.22,,,,,0.4,,,,0.4,0.6,1.0,3.0
Kento Shiogai,VfL Wolfsburg,ATT,,,,,1.0,,,,,0.0,,0.3,,0.6,,,,,,,,,,,,,,,1.0
Keven Schlotterbeck,FC Augsburg,DEF,3.9,46.6,1.0,1.0,,1.0,8.0,,5.3,0.7,0.05,0.5,0.03,0.1,1.4,,,,1.0,1.0,,,1.0,,,0.1,0.3,,3.0
Kevin Akpoguma,TSG 1899 Hoffenheim,DEF,,,,,,,,,,0.0,,,,,,,,,,,,,,,,,,,
Kevin Diks,Borussia Mönchengladbach,DEF,3.2,54.4,,,1.0,0.7,4.0,,5.2,0.9,0.05,3.2,0.19,2.6,0.7,,0.18,,0.9,1.0,1.0,0.1,,,,0.4,0.4,3.0,4.0
Kevin Kampl,RB Leipzig,MID,,,,,,,,,,0.0,,,,,,,,,,,,,,,,,,,
Kevin Paredes,VfL Wolfsburg,MID,,,,,,,,,,0.1,,0.1,,0.2,,,,,,,,,,,,,,,1.0
Kevin Stöger,Borussia Mönchengladbach,ATT,1.5,39.8,,4.0,2.0,0.2,15.0,,1.5,1.3,0.22,1.8,0.31,0.3,1.9,,,,0.8,,,,,,,0.3,0.5,,
Kilian Fischer,VfL Wolfsburg,DEF,2.3,33.1,,1.0,,0.2,3.0,,3.7,0.3,0.04,0.1,0.01,,1.0,,,,1.4,,,0.1,,,,,0.1,,
Koki Machida,TSG 1899 Hoffenheim,DEF,,,,,,,,,,0.0,,,,,,,,,,,,,,,,,,,1.0
Konrad Laimer,Bayern München,DEF,1.1,54.0,4.0,4.0,2.0,0.3,23.0,,1.3,2.6,0.2,1.8,0.14,2.4,1.1,,0.15,,0.7,,,0.7,,,,0.5,0.6,2.0,5.0
Konstantinos Koulierakis,VfL Wolfsburg,DEF,3.2,51.3,,,3.0,0.6,5.0,,6.5,0.5,0.03,1.7,0.1,0.9,1.0,,,,1.5,3.0,,0.1,,,,0.4,0.1,,3.0
Kosta Nedeljkovic,RB Leipzig,DEF,,,,,,,,,,0.1,,,,,,,,,,,,,,,,,,,
Kota Takai,Borussia Mönchengladbach,DEF,,,,,1.0,,2.0,,,0.0,,0.1,,0.8,,,,,,,,,,,,,,,
Kristijan Jakic,FC Augsburg,MID,3.0,34.1,1.0,2.0,,0.4,10.0,,3.1,1.2,0.1,0.5,0.04,1.1,0.8,,0.08,,1.0,,,0.3,,,,0.3,0.3,1.0,3.0
Kristoffer Lund Hansen,1. FC Köln,MID,1.4,25.3,1.0,2.0,,0.2,9.0,,4.7,0.8,0.06,0.5,0.03,0.0,0.6,,,,1.2,2.0,,0.2,,,,0.1,0.6,,1.0
Lars Ritzka,FC St. Pauli,DEF,2.3,30.3,,,,0.6,,,3.5,0.1,0.01,0.1,0.02,,1.0,,,,1.8,,,,,,,,,,1.0
Lasse Riess,1. FSV Mainz 05,GK,,,,,,,,,,0.0,,,,,,,,,,,,,,,,,,,
Lazar Jovanovic,VfB Stuttgart,ATT,,,,,,,2.0,,,0.3,,0.1,,,,,,,,,,,,,,,,,
Leart Paqarada,1. FC Heidenheim 1846,DEF,,,,,,,,,,0.0,,,,,,,,,,,,,,,,,,,
Lennard Maloney,1. FSV Mainz 05,DEF,0.8,24.2,,,1.0,0.2,1.0,,4.8,0.2,0.04,0.3,0.05,,2.5,,,,1.3,,,0.2,,,,0.2,,,
Lennart Karl,Bayern München,ATT,2.2,51.5,2.0,3.0,7.0,0.2,14.0,,0.2,2.5,0.29,4.6,0.52,3.9,0.3,,0.46,,1.0,,,0.9,,,,1.5,1.3,4.0,
Leo Scienza,1. FC Heidenheim 1846,ATT,,,,3.0,,,3.0,,,0.4,,0.1,,0.4,,,,,,,,,,,,,,1.0,
Leon Avdullahu,TSG 1899 Hoffenheim,MID,2.9,52.8,1.0,1.0,,0.3,11.0,,1.8,1.1,0.06,0.3,0.02,0.0,0.9,,,,1.2,,,0.8,,,,0.1,0.3,,3.0
Leon Goretzka,Bayern München,MID,2.5,71.3,,2.0,,0.3,11.0,,2.0,2.7,0.21,1.0,0.08,0.8,0.7,,0.08,,1.1,,,0.5,,,,0.2,0.6,1.0,4.0
Leonardo Bittencourt,SV Werder Bremen,MID,,,,1.0,,,2.0,,,0.4,,0.0,,,,,,,,,,,,,,,,,1.0
Leonidas Stergiou,1. FC Heidenheim 1846,DEF,,,,,,,,,,0.0,,,,,,,,,,,,,,,,,,,
Leopold Querfeld,1. FC Union Berlin,DEF,4.9,33.5,,3.0,2.0,0.9,17.0,,7.0,1.5,0.08,1.7,0.08,2.1,1.5,,,,1.2,3.0,,0.1,,,,0.3,0.2,,3.0
Linton Maina,1. FC Köln,ATT,0.7,22.7,,1.0,1.0,0.1,7.0,,0.6,0.7,0.11,1.0,0.16,1.3,0.6,,0.3,,0.1,,,0.3,,,,1.0,0.7,2.0,
Livan Burcu,1. FC Union Berlin,ATT,,,,,2.0,,2.0,,,0.2,,1.0,,0.7,,,,,,,,,,,,,,,1.0
Loic Badé,Bayer 04 Leverkusen,DEF,2.5,73.6,,,1.0,1.0,2.0,,5.8,0.7,0.05,1.0,0.07,1.4,0.5,,,,1.4,,,0.1,,,,0.2,0.2,,5.0
Lorenz Assignon,VfB Stuttgart,MID,0.4,32.4,,1.0,1.0,0.4,3.0,,2.6,0.8,0.14,0.3,0.06,0.2,2.3,,,,1.6,1.0,,0.7,1.0,,,0.5,0.9,,2.0
Louis Oppie,FC St. Pauli,MID,1.2,28.4,,2.0,1.0,0.1,6.0,,2.4,1.0,0.06,0.9,0.05,1.1,0.8,,0.06,,0.5,,,0.3,,,,0.2,0.2,1.0,
Lovro Majer,VfL Wolfsburg,ATT,1.1,29.1,3.0,2.0,3.0,0.1,18.0,,1.2,1.6,0.14,2.1,0.18,1.9,1.8,,0.18,,0.7,,,1.1,,,,0.4,0.8,2.0,3.0
Luca Jaquez,VfB Stuttgart,DEF,,,1.0,1.0,,,4.0,,,0.3,,0.1,,,,,,,,,,,,,,,,,1.0
Luca Kerber,1. FC Heidenheim 1846,MID,0.7,10.1,,,1.0,0.5,2.0,,1.6,0.2,0.04,0.6,0.13,0.0,2.1,,,,0.5,,,,,,,0.2,,,2.0
Luca Netz,Borussia Mönchengladbach,MID,1.0,26.1,2.0,4.0,,0.5,10.0,,3.6,1.5,0.15,0.0,0.0,,0.8,,,,0.5,,,0.3,,,,,0.9,,1.0
Lucas Höler,Sport-Club Freiburg,ATT,0.2,18.3,1.0,1.0,4.0,0.1,16.0,,1.4,1.5,0.11,2.7,0.19,3.5,1.1,,0.07,,0.5,,2.0,0.3,,,,0.7,0.4,1.0,
Lucas Vázquez,Bayer 04 Leverkusen,DEF,,,1.0,2.0,1.0,,4.0,,,0.7,,0.5,,0.9,,,,,,,,,,,,,,1.0,2.0
Luis Diaz,Bayern München,ATT,1.7,40.5,9.0,9.0,10.0,0.1,36.0,,0.1,4.7,0.27,10.0,0.57,8.6,1.1,,0.57,,0.5,,,0.9,,,,1.3,2.1,10.0,5.0
Luka Vuskovic,Hamburger SV,DEF,3.5,51.6,,,2.0,1.1,8.0,,8.5,0.5,0.03,2.1,0.13,3.2,1.1,,0.24,,1.0,,,,,,,0.4,0.2,4.0,4.0
Lukas Klostermann,RB Leipzig,DEF,,,,,,,1.0,,,0.0,,0.0,,,,,,,,,,,,,,,,,
Lukas Kübler,Sport-Club Freiburg,DEF,1.7,30.7,1.0,2.0,,0.4,8.0,,3.6,1.3,0.1,3.1,0.23,2.1,1.1,,0.15,,2.1,,,0.2,,,,0.3,0.1,2.0,2.0
Lukas Ullrich,Borussia Mönchengladbach,DEF,1.3,26.0,,1.0,,0.4,12.0,,2.6,1.3,0.14,0.2,0.03,0.0,1.2,,,,1.8,1.0,,,,,,0.2,0.5,,2.0
Mads Valentin Pedersen,FC Augsburg,MID,,,,,,,2.0,,,0.3,,0.1,,,,,,,,1.0,,,,,,,,,
Mahmoud Dahoud,Eintracht Frankfurt,MID,1.7,40.0,1.0,,,0.2,4.0,,1.3,0.3,0.05,0.7,0.13,0.9,2.6,,0.37,,1.7,,,0.2,,,,0.4,0.7,2.0,
Malik Tillman,Bayer 04 Leverkusen,ATT,0.8,36.3,,5.0,3.0,0.3,18.0,,0.8,2.0,0.16,2.5,0.2,1.6,1.0,,0.32,,0.9,,1.0,0.7,,,,0.4,0.6,4.0,1.0
Manolis Saliakas,FC St. Pauli,MID,2.9,38.8,1.0,,,0.1,5.0,,1.7,0.8,0.11,0.2,0.03,0.2,0.4,,,,0.9,,1.0,0.7,,,,0.3,0.4,,2.0
Manuel Neuer,Bayern München,GK,,27.9,,,,,,5.0,0.5,0.0,0.0,,,,,1.0,,-1.1,,,,,,57.9,1.4,,,,
Marcel Sabitzer,Borussia Dortmund,MID,1.6,32.6,1.0,2.0,,0.1,8.0,,2.2,1.0,0.1,0.8,0.08,1.1,1.0,,0.1,,1.1,,,0.6,,,,0.3,0.1,1.0,2.0
Marco Friedl,SV Werder Bremen,DEF,4.0,49.3,,,,1.1,4.0,,5.6,0.8,0.04,0.7,0.04,0.6,0.5,,0.06,,1.4,1.0,,0.1,,,,0.1,0.2,1.0,5.0
Marco Grüll,SV Werder Bremen,ATT,0.5,21.7,1.0,,2.0,0.3,25.0,,1.0,2.1,0.14,2.0,0.14,1.5,1.2,,0.14,,0.7,,,0.6,,,,0.7,1.2,2.0,4.0
Marin Ljubicic,1. FC Union Berlin,ATT,,,,,,,,,,0.0,,1.3,,1.8,,,,,,,,,,,,,,2.0,
Mario Götze,Eintracht Frankfurt,ATT,1.6,39.4,,2.0,,0.2,8.0,,0.2,1.4,0.24,0.4,0.07,,0.9,,,,0.9,,,1.0,,,,,0.3,,
Marius Bülter,1. FC Köln,ATT,1.1,16.4,3.0,6.0,3.0,0.2,18.0,,0.8,3.5,0.31,3.3,0.3,3.7,1.2,,0.27,,0.4,,,0.3,,,,1.1,0.3,3.0,3.0
Marius Wolf,FC Augsburg,MID,1.5,18.0,,,2.0,,6.0,,1.9,0.6,0.11,0.8,0.14,1.3,0.9,,0.17,,1.4,1.0,,0.2,,,,0.7,0.2,1.0,2.0
Mark Flekken,Bayer 04 Leverkusen,GK,,25.5,,1.0,,,1.0,4.0,0.7,0.0,0.0,,,,,1.5,,-2.1,,,,,,70.2,3.5,,0.1,,1.0
Marnon-Thomas Busch,1. FC Heidenheim 1846,DEF,3.3,25.0,2.0,6.0,1.0,0.7,8.0,,4.8,1.7,0.14,0.6,0.05,0.1,0.7,,,,1.3,,,0.2,,,,0.1,0.1,,2.0
Martijn Kaars,FC St. Pauli,ATT,0.2,18.9,,1.0,1.0,,5.0,,0.4,0.6,0.08,2.5,0.3,2.4,0.6,,0.35,,,,1.0,0.4,,,,0.8,0.4,3.0,
Martin Terrier,Bayer 04 Leverkusen,ATT,0.4,30.4,,2.0,2.0,0.2,6.0,,,0.6,0.14,1.4,0.3,2.4,,,0.66,,,,,0.4,,,,0.9,0.9,3.0,
Marvin Friedrich,Borussia Mönchengladbach,DEF,,,,,,,,,,0.0,,,,,,,,,,,,,,,,,,,
Marvin Pieringer,1. FC Heidenheim 1846,ATT,0.2,13.5,,1.0,3.0,0.1,9.0,,2.1,0.3,0.03,2.8,0.29,1.4,2.3,,0.21,,0.7,,,0.1,,,,0.4,0.9,2.0,2.0
Marvin Schwäbe,1. FC Köln,GK,,32.5,,1.0,,,1.0,3.0,0.9,0.1,0.01,,,,0.1,1.6,,2.6,,1.0,,,,67.3,3.3,,,,
Mathias Honsak,1. FC Heidenheim 1846,ATT,0.7,14.3,,2.0,4.0,0.1,7.0,,2.2,1.3,0.13,1.4,0.14,1.0,0.9,,,,1.4,,,0.3,,,,0.4,1.4,,1.0
Mathias Pereira Lage,FC St. Pauli,ATT,0.6,15.2,2.0,3.0,6.0,0.1,22.0,,0.9,1.1,0.07,3.0,0.19,1.9,1.6,,,,0.7,,,0.6,,,,0.8,0.5,,2.0
Mathias Rasmussen,FC St. Pauli,MID,,,,,1.0,,,,,0.1,,0.2,,,,,,,,,,,,,,,,,
Matthias Ginter,Sport-Club Freiburg,DEF,3.5,51.6,3.0,4.0,1.0,0.4,10.0,,6.3,1.8,0.09,1.0,0.05,1.5,0.5,,,,0.7,,,,,,,0.2,0.1,,1.0
Mattias Svanberg,VfL Wolfsburg,MID,0.8,17.8,1.0,1.0,2.0,0.3,6.0,,2.3,0.6,0.09,1.8,0.25,2.2,2.0,,0.28,,0.7,,,0.3,1.0,,,0.8,0.3,2.0,2.0
Max Finkgrafe,RB Leipzig,MID,,,,,,,1.0,,,0.0,,,,,,,,,,,,,,,,,,,
Max Moerstedt,TSG 1899 Hoffenheim,ATT,,17.0,,,,0.3,1.0,,1.4,0.3,0.07,0.7,0.19,1.0,2.5,,0.55,,,,,,,,,0.8,0.8,2.0,1.0
Max Rosenfelder,Sport-Club Freiburg,DEF,1.6,41.6,,,,0.2,,,4.4,0.0,0.01,0.0,0.0,,0.5,,,,1.2,,,,,,,,0.2,,
Maxim Leitsch,1. FSV Mainz 05,DEF,,,,,,,,,,0.0,,0.0,,,,,,,,,,,,,,,,,
Maximilian Arnold,VfL Wolfsburg,MID,3.8,42.4,3.0,10.0,,0.6,27.0,,3.2,3.6,0.2,0.3,0.02,0.9,0.9,,0.06,,1.0,,,0.1,,,,0.3,0.2,1.0,5.0
Maximilian Beier,Borussia Dortmund,ATT,0.5,19.3,3.0,4.0,4.0,0.2,13.0,,1.0,2.2,0.2,4.1,0.37,6.2,1.1,,0.55,,0.4,,1.0,1.2,,,,1.2,0.8,6.0,2.0
Maximilian Eggestein,Sport-Club Freiburg,MID,1.1,34.6,,2.0,2.0,0.5,13.0,,1.9,1.1,0.06,2.6,0.13,2.9,0.8,,0.1,,1.1,,,0.4,,,,0.4,0.4,2.0,3.0
Maximilian Mittelstaedt,VfB Stuttgart,DEF,2.1,44.2,3.0,7.0,,0.4,22.0,,2.9,3.5,0.25,2.3,0.16,2.9,0.4,,0.21,,1.8,,,0.2,,,,0.6,0.4,3.0,3.0
Merlin Röhl,Sport-Club Freiburg,ATT,,,,,,,,,,0.0,,,,,,,,,,,,,,,,,,,
Mert Kömür,FC Augsburg,ATT,0.3,23.0,3.0,3.0,2.0,,18.0,,1.6,1.9,0.18,2.4,0.23,2.8,1.4,,0.19,,0.4,,,0.7,,,,1.0,0.9,2.0,1.0
Michael Gregoritsch,FC Augsburg,ATT,,,,,,,1.0,,,0.0,,0.9,,1.9,,,,,,,,,,,,,,2.0,1.0
Michael Olise,Bayern München,ATT,0.9,51.0,15.0,20.0,7.0,,51.0,,0.3,11.7,0.68,7.8,0.45,10.0,1.3,,0.58,,0.6,,1.0,0.9,,,,2.0,2.3,10.0,4.0
Michael Zetterer,Eintracht Frankfurt,GK,,26.6,,,,,,3.0,0.6,0.0,0.0,,,,,1.5,,-3.7,,,,,,57.5,2.1,,,,
Michy Batshuayi,Eintracht Frankfurt,ATT,,,,,1.0,,2.0,,,0.2,,1.1,,1.0,,,,,,,,,,,,,,1.0,
Mikkel Kaufmann,1. FC Heidenheim 1846,ATT,0.4,10.8,1.0,3.0,4.0,0.2,4.0,,1.8,0.6,0.11,1.4,0.26,0.5,2.4,,0.18,,0.2,,,0.9,,,,0.5,,1.0,2.0
Min-Jae Kim,Bayern München,DEF,1.2,82.4,1.0,1.0,,1.2,1.0,,5.0,1.0,0.12,0.4,0.04,0.9,0.7,,0.12,,1.6,,,,,,,0.1,,1.0,1.0
Mio Backhaus,SV Werder Bremen,GK,,27.1,,,,,,3.0,1.3,0.0,0.0,,,,,1.9,,0.1,,,,,,64.6,3.4,,,,
Miro Muheim,Hamburger SV,MID,3.1,33.6,4.0,5.0,1.0,0.1,35.0,,2.3,3.3,0.18,0.9,0.05,0.6,1.5,,,,1.3,,,0.3,,,,0.3,0.9,,3.0
Mohamed Amoura,VfL Wolfsburg,ATT,0.7,16.5,2.0,5.0,4.0,0.1,20.0,,0.6,1.4,0.11,6.0,0.48,6.7,1.2,,0.56,,0.4,,1.0,0.6,,,,1.0,0.6,7.0,2.0
Montrell Culbreath,Bayer 04 Leverkusen,ATT,,,,,,,1.0,,,0.0,,0.6,,0.9,,,,,,,,,,,,,,1.0,
Moritz Jenz,VfL Wolfsburg,DEF,1.5,49.0,,,,0.6,2.0,,6.8,0.2,0.01,0.5,0.04,0.9,1.3,,0.08,,0.7,,,0.1,,,,0.1,,1.0,5.0
Moritz Nicolas,Borussia Mönchengladbach,GK,,22.7,,1.0,,,2.0,8.0,0.9,0.0,0.0,,,,,1.7,,2.8,0.1,,,,,70.3,3.9,,,,
Muhammed Mehmet Damar,TSG 1899 Hoffenheim,ATT,1.6,35.1,,1.0,1.0,,9.0,,0.4,0.7,0.27,0.8,0.29,1.8,1.2,,,,0.4,,,1.2,,,,2.3,0.8,,
Nadiem Amiri,1. FSV Mainz 05,MID,3.2,40.9,2.0,10.0,,0.2,38.0,,0.5,4.5,0.29,5.2,0.34,6.2,1.1,,0.45,,0.7,,,0.8,,,,0.7,1.0,7.0,5.0
Nathan Tella,Bayer 04 Leverkusen,ATT,0.8,18.2,2.0,2.0,2.0,,10.0,,1.2,1.1,0.22,1.0,0.21,0.4,1.8,,,,0.4,,1.0,1.0,,,,0.4,1.2,,2.0
Nathaniel Brown,Eintracht Frankfurt,DEF,1.1,30.0,4.0,6.0,2.0,0.1,20.0,,1.2,2.1,0.13,1.8,0.11,0.7,0.9,,0.06,,1.0,,,0.4,,,,0.3,0.6,1.0,3.0
Nelson Weiper,1. FSV Mainz 05,ATT,0.8,13.8,,,2.0,,4.0,,0.6,0.3,0.05,1.2,0.24,0.8,1.0,,,,0.2,,,0.4,,,,0.6,0.6,,1.0
Nick Woltemade,VfB Stuttgart,ATT,,,,1.0,,,1.0,,,0.1,,,,,,,,,,,,,,,,,,,
Nico Elvedi,Borussia Mönchengladbach,DEF,1.6,50.6,,,,0.8,4.0,,8.7,0.6,0.03,0.2,0.01,,0.6,,,,1.0,,1.0,0.1,,,,,,,2.0
Nico Schlotterbeck,Borussia Dortmund,DEF,7.1,60.3,1.0,1.0,2.0,0.4,5.0,,4.5,1.5,0.1,2.4,0.15,2.0,0.9,,0.19,,0.8,,1.0,0.1,,,,0.4,0.4,3.0,4.0
Nicolai Remberg,Hamburger SV,MID,2.2,40.8,1.0,1.0,1.0,0.6,4.0,,3.4,1.0,0.05,0.9,0.05,0.7,1.4,,,,1.3,,1.0,0.2,,,,0.3,0.4,,7.0
Nicolas Capaldo,Hamburger SV,DEF,1.1,27.0,1.0,2.0,2.0,0.3,10.0,,2.9,1.3,0.08,0.8,0.05,0.8,1.3,,,,2.0,,,0.1,,,,0.2,0.3,,5.0
Nicolas Höfler,Sport-Club Freiburg,MID,,,,,,,,,,0.0,,0.1,,0.1,,,,,,,,,,,,,,,
Nicolas Jackson,Bayern München,ATT,0.2,21.1,,2.0,4.0,,9.0,,,0.6,0.12,2.8,0.6,2.7,1.3,,0.64,,0.4,,,1.3,,,,1.5,0.6,3.0,
Nicolas Seiwald,RB Leipzig,MID,2.0,42.4,2.0,2.0,1.0,0.3,10.0,,2.0,1.3,0.07,1.1,0.06,0.9,0.6,,,,2.2,,,0.5,,,,0.2,0.4,,1.0
Niklas Dorsch,1. FC Heidenheim 1846,MID,2.9,33.2,,3.0,,0.2,12.0,,1.5,1.3,0.09,0.4,0.03,0.2,1.1,,,,0.9,1.0,,0.2,,,,0.1,0.6,,1.0
Niklas Stark,SV Werder Bremen,DEF,,,,,,,,,,0.0,,0.0,,,,,,,,1.0,,,2.0,,,,,,1.0
Niklas Süle,Borussia Dortmund,DEF,,,1.0,1.0,,,2.0,,,0.1,,,,,,,,,,,,,,,,,,,2.0
Nikola Vasilj,FC St. Pauli,GK,,24.8,,,,,,3.0,0.9,0.0,0.0,,,,,1.7,,5.8,,,,,,67.3,3.5,,,,
Nikolas Nartey,VfB Stuttgart,ATT,0.5,29.9,,3.0,3.0,0.3,16.0,,1.2,1.7,0.19,1.4,0.15,3.0,1.2,,0.11,,1.0,,,0.5,,,,0.8,1.3,1.0,1.0
Nikolas Veratschnig,1. FSV Mainz 05,MID,0.9,20.4,1.0,1.0,,0.5,2.0,,2.6,0.8,0.19,0.0,0.01,0.1,1.9,,,,1.6,1.0,,0.7,,,,0.2,1.2,,2.0
Nnamdi Collins,Eintracht Frankfurt,DEF,2.2,49.9,1.0,1.0,,0.1,2.0,,4.0,0.3,0.02,0.2,0.02,0.2,1.2,,0.09,,1.6,,,0.3,,,,0.1,0.5,1.0,2.0
Noah Atubolu,Sport-Club Freiburg,GK,,26.0,,1.0,,,1.0,4.0,1.3,0.4,0.02,,,,,1.7,,0.7,,,,,,62.9,2.8,,,,
Noahkai Banks,FC Augsburg,DEF,2.7,41.5,,,1.0,0.8,4.0,,4.7,0.3,0.02,0.9,0.07,1.3,1.6,,0.07,,0.8,,,0.1,,,,0.3,0.1,1.0,6.0
Oladapo Afolayan,FC St. Pauli,ATT,,,,,2.0,,2.0,,,0.2,,0.6,,0.7,,,,,,,,,,,,,,,1.0
Oliver Baumann,TSG 1899 Hoffenheim,GK,,26.2,,,,,,5.0,1.2,0.1,0.01,,,,,1.2,,2.0,,,,,,71.6,2.9,,0.1,,1.0
Oliver Burke,1. FC Union Berlin,ATT,0.2,12.0,,1.0,4.0,0.2,12.0,,,1.0,0.09,2.9,0.27,3.0,0.6,,0.36,,0.4,,,0.8,,,,0.9,0.7,4.0,2.0
Olivier Deman,SV Werder Bremen,DEF,,,1.0,,,,6.0,,,0.6,,0.2,,0.3,,,,,,,,,,,,,,,1.0
Omar Traoré,1. FC Heidenheim 1846,DEF,2.0,27.5,2.0,3.0,,0.1,11.0,,1.5,1.3,0.1,0.2,0.02,0.0,1.3,,,,0.7,,,0.2,,,,0.1,0.8,,2.0
Oscar Fraulo,Borussia Mönchengladbach,MID,,,,,,,,,,0.0,,0.3,,0.9,,,,,,,,,,,,,,1.0,
Oscar Højlund,Eintracht Frankfurt,MID,0.8,40.8,1.0,,,0.4,3.0,,1.2,0.3,0.07,0.0,0.0,,3.0,,,,1.0,,,0.2,,,,,0.2,,1.0
Otto Stange,Hamburger SV,ATT,,,,,,,,,,0.0,,,,,,,,,,,,,,,,,,,
Ozan Kabak,TSG 1899 Hoffenheim,DEF,2.0,52.3,,,1.0,0.6,,,9.3,0.1,0.02,1.3,0.24,0.5,1.9,,0.37,,1.5,,,0.2,,,,0.4,0.2,2.0,
Pascal Gross,Borussia Dortmund,MID,2.5,59.4,1.0,1.0,1.0,,11.0,,1.3,2.5,0.37,0.6,0.09,0.4,1.5,,,,0.9,,,0.7,,,,0.1,0.6,,
Pascal Stenzel,VfB Stuttgart,DEF,,,,,,,,,,0.0,,0.3,,0.2,,,,,,,,,,,,,,,2.0
Patrice Covic,SV Werder Bremen,MID,2.3,44.0,,2.0,1.0,,2.0,,2.3,0.4,0.17,0.8,0.31,0.7,1.9,,,,1.2,,,0.4,,,,0.4,,,1.0
Patrick Mainka,1. FC Heidenheim 1846,DEF,1.3,36.3,1.0,2.0,2.0,1.5,7.0,,7.1,0.7,0.03,1.8,0.09,1.2,0.3,,0.05,,0.9,,,0.1,,,,0.2,0.2,1.0,1.0
Patrick Osterhage,Sport-Club Freiburg,MID,1.1,33.2,,,1.0,1.0,5.0,,0.7,0.6,0.06,0.9,0.1,1.4,1.2,,0.11,,1.6,,,0.2,,,,0.2,0.5,1.0,3.0
Patrick Wimmer,VfL Wolfsburg,ATT,0.8,18.4,3.0,2.0,1.0,,7.0,,1.2,0.9,0.07,2.0,0.15,2.6,1.5,,0.23,,1.4,,,0.8,,,,0.5,1.9,3.0,4.0
Patrik Schick,Bayer 04 Leverkusen,ATT,0.3,15.8,2.0,3.0,8.0,0.1,5.0,,1.1,2.0,0.17,7.5,0.64,5.9,0.9,,0.51,,0.1,,,0.3,,,,0.9,0.4,6.0,
Paul Nebel,1. FSV Mainz 05,ATT,0.7,28.2,,2.0,3.0,0.1,20.0,,0.8,1.9,0.16,2.4,0.2,1.0,1.2,,0.08,,0.7,,,0.8,2.0,,,0.1,0.9,1.0,2.0
Pharrell Hensel,VfL Wolfsburg,Code_2,,,,,,,,,,0.0,,,,,,,,,,,,,,,,,,,
Philipp Lienhart,Sport-Club Freiburg,DEF,2.8,69.1,,,1.0,0.7,3.0,,3.8,0.4,0.04,0.7,0.07,0.3,0.6,,,,1.1,,,0.2,1.0,,,0.1,0.3,,2.0
Philipp Sander,Borussia Mönchengladbach,MID,2.3,42.3,,,1.0,0.4,4.0,,3.9,0.8,0.06,0.7,0.05,1.6,1.1,,0.07,,1.3,1.0,,0.1,,,,0.4,0.1,1.0,1.0
Philipp Treu,Sport-Club Freiburg,DEF,1.1,26.6,1.0,1.0,1.0,0.2,11.0,,1.5,0.8,0.06,0.7,0.05,1.1,0.9,,0.07,,0.4,,,0.2,,,,0.2,0.7,1.0,2.0
Phillip Tietz,1. FSV Mainz 05,ATT,0.3,16.0,2.0,1.0,9.0,,8.0,,2.3,1.1,0.16,3.2,0.47,3.2,2.0,,0.29,,0.1,,1.0,0.9,,,,1.7,0.7,2.0,3.0
Phillipp Mwene,1. FSV Mainz 05,MID,1.1,18.9,,1.0,,0.3,10.0,,2.0,1.3,0.11,0.5,0.04,,1.3,,,,0.3,,1.0,0.6,,,,,0.4,,3.0
Piero Hincapié,Bayer 04 Leverkusen,DEF,,,,,,,,,,0.0,,0.4,,0.8,,,,,,,,,,,,,,,
Péter Gulácsi,RB Leipzig,GK,,26.9,,,,,,9.0,1.3,0.0,0.0,,,,,1.4,,-0.4,,,,,,65.4,2.6,,,,
Ragnar Ache,1. FC Köln,ATT,0.2,11.2,3.0,2.0,10.0,0.1,18.0,,2.5,0.8,0.08,5.7,0.56,5.9,1.0,,0.29,,,,1.0,0.3,,,,1.2,0.4,3.0,2.0
Ramon Hendriks,VfB Stuttgart,DEF,1.6,48.0,1.0,,,0.6,3.0,,4.2,0.6,0.06,0.2,0.01,,0.4,,,,0.8,,,0.3,,,,,0.3,,2.0
Ramy Bensebaini,Borussia Dortmund,DEF,3.3,65.6,,,,0.5,5.0,,5.7,1.4,0.15,0.4,0.04,1.2,1.8,,0.11,,0.9,,,0.2,,,,0.3,0.2,1.0,3.0
Rani Khedira,1. FC Union Berlin,MID,0.9,14.2,,2.0,1.0,0.2,11.0,,2.3,0.9,0.05,1.5,0.08,3.5,1.5,,0.21,,1.2,,,0.2,,,,0.4,0.1,4.0,5.0
Ransford Königsdörffer,Hamburger SV,ATT,0.3,11.4,,,9.0,,10.0,,0.8,0.8,0.06,4.6,0.34,3.1,1.0,,0.07,,0.1,,,0.4,,,,0.9,0.4,1.0,1.0
Raphaël Guerreiro,Bayern München,DEF,0.4,58.1,2.0,2.0,,0.2,11.0,,1.1,0.8,0.17,1.6,0.35,2.3,0.4,,0.63,,0.2,,,0.8,,,,0.6,0.6,3.0,
Rasmus Kristensen,Eintracht Frankfurt,DEF,2.8,42.6,,1.0,,0.1,8.0,,3.6,1.1,0.08,0.7,0.05,1.1,1.3,,0.14,,1.0,,,0.5,,,,0.3,0.8,2.0,4.0
Rav van den Berg,1. FC Köln,DEF,,,,,,,,,,0.1,,,,,,,,,,,,,1.0,,,,,,
Rayan Philippe,Hamburger SV,ATT,0.5,11.0,,2.0,3.0,,14.0,,0.7,1.3,0.12,3.8,0.34,4.3,1.5,,0.37,,0.2,1.0,,0.5,,,,1.1,1.0,4.0,2.0
Ricky-Jade Jones,FC St. Pauli,ATT,,,,1.0,4.0,,6.0,,,0.5,,1.6,,1.2,,,,,,1.0,,,,,,,,2.0,1.0
Ridle Baku,RB Leipzig,DEF,4.0,54.9,2.0,7.0,3.0,0.3,26.0,,3.1,3.8,0.23,1.3,0.08,1.2,1.1,,0.06,,0.7,,,0.4,,,,0.2,0.6,1.0,3.0
Ritsu Doan,Eintracht Frankfurt,ATT,0.8,24.7,5.0,9.0,3.0,0.1,27.0,,0.5,3.8,0.21,2.5,0.14,3.8,0.8,,0.22,,0.8,,,0.7,,,,0.5,1.4,4.0,2.0
Robert Andrich,Bayer 04 Leverkusen,DEF,3.1,59.1,,,1.0,0.3,7.0,,2.6,1.0,0.06,0.4,0.02,0.8,1.3,,0.06,,1.2,,,0.2,1.0,,,0.1,0.1,1.0,1.0
Robert Glatzel,Hamburger SV,ATT,,15.4,,,1.0,,2.0,,2.4,0.0,0.02,0.9,0.54,1.2,2.4,,0.59,,,,,1.8,,,,1.8,1.2,1.0,
Robert Skov,1. FC Union Berlin,MID,,,,,,,1.0,,,0.1,,0.0,,,,,,,,,,,,,,,,,
Robin Fellhauer,FC Augsburg,MID,0.9,22.8,1.0,3.0,1.0,0.3,17.0,,2.3,1.5,0.08,1.1,0.06,1.1,0.9,,0.05,,0.8,,,0.5,,,,0.2,0.5,1.0,2.0
Robin Hack,Borussia Mönchengladbach,ATT,,,,1.0,,,10.0,,,0.7,,0.5,,0.5,,,,,,,,,,,,,,,
Robin Hranac,TSG 1899 Hoffenheim,DEF,2.3,42.3,,,1.0,0.9,1.0,,6.7,0.3,0.02,0.8,0.05,0.4,1.0,,,,0.6,,,0.1,,,,0.1,0.1,,4.0
Robin Koch,Eintracht Frankfurt,DEF,3.2,58.7,,,1.0,0.8,6.0,,7.1,0.7,0.04,1.2,0.06,1.6,0.9,,0.15,,1.3,1.0,1.0,0.1,,,,0.3,0.1,3.0,
Robin Zentner,1. FSV Mainz 05,GK,,,,,,,,,,0.1,,,,,,,,,,,,,1.0,,,,,,2.0
Rocco Reitz,Borussia Mönchengladbach,MID,2.0,31.6,2.0,3.0,,0.2,18.0,,1.6,2.7,0.14,1.5,0.08,1.0,1.2,,,,1.8,,,0.3,,,,0.5,0.8,,4.0
Romano Schmid,SV Werder Bremen,MID,2.0,33.0,5.0,11.0,4.0,0.1,54.0,,0.3,6.1,0.31,4.1,0.21,3.4,0.7,,0.1,,0.3,,,1.2,,,,0.5,1.0,2.0,4.0
Romulo Cruz,RB Leipzig,ATT,0.6,18.2,3.0,4.0,10.0,0.1,16.0,,1.4,1.6,0.12,7.2,0.52,7.7,0.5,,0.43,,0.3,,,0.6,,,,1.0,0.4,6.0,
Ron-Robert Zieler,1. FC Köln,GK,,,,,,,,,,,,,,,,,,,,,,,,,,,,,1.0
Sacha Boey,Bayern München,DEF,,,,,,,4.0,,,0.3,,0.3,,,,,,,,,,,,,,,,,1.0
Said El Mala,1. FC Köln,ATT,0.2,14.5,2.0,4.0,10.0,,9.0,,0.2,1.3,0.13,5.6,0.54,5.9,0.8,,0.68,,0.3,,,1.0,,,,1.7,2.8,7.0,1.0
Salih Özcan,Borussia Dortmund,MID,,,,,,,,,,0.1,,0.1,,,,,,,,,,,,,,,,,
Samba Konate,RB Leipzig,Code_3,,,,,,,,,,,,0.0,,,,,,,,,,,,,,,,,
Samuel Essende,FC Augsburg,ATT,,14.1,,,2.0,,4.0,,0.4,0.2,0.04,1.7,0.38,0.8,3.8,,0.22,,,,,0.7,,,,0.9,1.1,1.0,2.0
Samuel Mbangula,SV Werder Bremen,ATT,0.9,31.3,2.0,2.0,1.0,0.1,14.0,,0.3,1.5,0.16,0.8,0.09,2.1,0.3,,0.33,,0.4,,2.0,0.2,,,,0.5,2.5,3.0,
Saël Kumbedi,VfL Wolfsburg,DEF,0.9,28.5,5.0,4.0,,0.3,10.0,,3.4,1.4,0.12,0.1,0.01,,1.3,,,,0.7,,,0.1,,,,,0.8,,1.0
Sebastian Sebulonsen,1. FC Köln,MID,1.3,23.0,,4.0,,0.2,15.0,,3.2,2.4,0.13,1.0,0.06,0.3,0.4,,,,0.7,,,0.1,,,,0.2,0.7,,4.0
Senne Lynen,SV Werder Bremen,MID,3.1,44.5,,,1.0,0.4,6.0,,3.0,1.2,0.06,0.6,0.03,0.2,1.2,,,,2.1,,,0.2,,,,0.1,0.2,,2.0
Serge Gnabry,Bayern München,ATT,1.1,44.6,5.0,6.0,4.0,0.1,17.0,,0.2,3.1,0.32,4.5,0.46,4.2,0.7,,0.62,,0.3,,,0.4,,,,1.3,1.4,6.0,1.0
Serhou Guirassy,Borussia Dortmund,ATT,0.4,17.2,1.0,1.0,11.0,0.1,15.0,,1.6,2.6,0.16,9.9,0.61,9.9,1.6,,0.49,,,1.0,2.0,0.5,,,,1.4,0.5,8.0,2.0
Shuto Machino,Borussia Mönchengladbach,ATT,0.6,17.2,,,2.0,,10.0,,1.1,1.3,0.15,2.1,0.25,2.6,0.7,,0.37,,0.1,,,0.5,,,,1.0,,3.0,1.0
Silas Katompa Mvumpa,1. FSV Mainz 05,ATT,,,,,1.0,,1.0,,,0.1,,1.2,,1.4,,,,,,,,,,,,,,1.0,
Silvan Widmer,1. FSV Mainz 05,MID,1.1,19.6,,2.0,4.0,0.4,3.0,,3.3,0.9,0.08,2.2,0.19,2.4,0.8,,0.18,,0.8,,,0.3,,,,0.3,0.2,2.0,4.0
Sirlord Conteh,1. FC Heidenheim 1846,ATT,,,1.0,,2.0,,6.0,,,0.5,,2.3,,1.1,,,,,,,,,,,,,,1.0,1.0
Skelly Alvero,SV Werder Bremen,MID,,,,,,,,,,0.0,,,,,,,,,,,,,,,,,,,
Sota Kawasaki,1. FSV Mainz 05,ATT,,,,,,,,,,0.3,,0.1,,,,,,,,,,,,,,,,,1.0
Stanley N'Soki,1. FC Union Berlin,DEF,,,1.0,,,,1.0,,,0.2,,0.2,,0.3,,,,,,,,,,,,,,1.0,1.0
Stefan Bell,1. FSV Mainz 05,DEF,3.0,25.4,1.0,3.0,,0.9,5.0,,9.4,0.6,0.06,1.4,0.14,2.0,1.4,,0.19,,1.5,,,,,,,0.4,0.1,2.0,4.0
Stefan Posch,1. FSV Mainz 05,DEF,,,,,,,1.0,,,0.2,,,,,,,,,,,,,,,,,,,2.0
Stefan Schimmer,1. FC Heidenheim 1846,ATT,0.9,11.6,1.0,2.0,7.0,,10.0,,1.5,0.5,0.1,4.3,0.82,4.6,1.5,,0.95,,0.6,,,0.8,,,,1.7,0.2,5.0,1.0
Thomas Leon Keller,1. FC Heidenheim 1846,DEF,,,,,,,,,,0.1,,0.0,,,,,,,,,,,,,,,,,1.0
Tiago Tomás,VfB Stuttgart,ATT,0.1,21.4,,1.0,3.0,0.3,8.0,,0.9,0.6,0.09,4.1,0.58,2.7,1.2,,0.43,,0.4,,1.0,0.3,,,,1.2,1.2,3.0,2.0
Tidiam Gomis,RB Leipzig,ATT,0.6,25.4,,,,0.3,1.0,,,0.3,0.1,0.5,0.16,1.0,0.3,,0.32,,,,,,,,,1.0,2.6,1.0,
Tim Kleindienst,Borussia Mönchengladbach,ATT,,,,,,,,,,0.0,,,,,,,,,,,,,,,,,,,
Tim Lemperle,TSG 1899 Hoffenheim,ATT,0.3,16.6,2.0,2.0,7.0,0.1,19.0,,1.3,1.6,0.11,5.2,0.36,3.9,2.6,,0.42,,0.3,,1.0,1.2,,,,1.0,0.6,6.0,1.0
Tim Siersleben,1. FC Heidenheim 1846,DEF,3.3,37.9,,,1.0,0.7,2.0,,6.4,0.4,0.03,0.5,0.04,1.0,1.1,,,,1.6,1.0,,0.2,,,,0.3,,,1.0
Tim Skarke,1. FC Union Berlin,ATT,0.8,15.9,,,,,5.0,,2.1,0.2,0.05,0.7,0.18,1.1,1.3,,0.26,,,,,0.5,,,,1.3,0.3,1.0,
Timo Hübers,1. FC Köln,DEF,,,,,,,,,,0.1,,,,,,,,,,,,,,,,,,,
Timo Werner,RB Leipzig,ATT,,,,,,,,,,0.1,,,,,,,,,,,,,,,,,,,
Tobias Weigel,1. FC Heidenheim 1846,Code_3,,,,,,,,,,0.0,,,,,,,,,,,,,,,,,,,
Tom Bischof,Bayern München,MID,2.5,76.6,3.0,3.0,,0.2,16.0,,0.9,1.5,0.17,0.9,0.1,0.2,1.1,,,,0.8,1.0,,0.7,,,,0.2,0.3,,2.0
Tom Krauss,1. FC Köln,MID,2.2,40.6,1.0,1.0,,0.5,8.0,,2.7,0.7,0.06,0.3,0.02,0.1,1.2,,,,1.7,,,0.3,,,,0.1,0.3,,4.0
Tom Rothe,1. FC Union Berlin,DEF,1.7,25.0,,1.0,,,4.0,,4.3,0.4,0.07,0.8,0.13,0.3,1.5,,0.17,,2.2,1.0,,,1.0,,,0.5,0.5,1.0,1.0
Tomoya Ando,FC St. Pauli,DEF,,,,,,,1.0,,,0.1,,,,,,,,,,,,,,,,,,,
Umut Tohumcu,TSG 1899 Hoffenheim,MID,,,,,,,,,,0.0,,0.1,,,,,,,,,,,,,,,,,2.0
Valentin Gendrey,TSG 1899 Hoffenheim,DEF,,,1.0,1.0,,,2.0,,,0.5,,,,,,,,,,,,,,,,,,,
Victor Okoh Boniface,SV Werder Bremen,ATT,1.4,20.8,2.0,2.0,,,7.0,,2.2,0.6,0.17,1.1,0.3,0.9,0.3,,,,,,,0.8,,,,1.7,1.4,,1.0
Vincenzo Grifo,Sport-Club Freiburg,ATT,3.3,36.0,1.0,8.0,,0.1,27.0,,1.3,2.9,0.27,4.7,0.43,4.8,0.5,,0.55,,0.4,,,0.2,,,,0.5,0.7,6.0,
Vini Souza,VfL Wolfsburg,MID,0.9,26.2,,,,0.9,3.0,,5.2,0.4,0.03,0.1,0.01,0.0,2.0,,,,1.3,1.0,,0.2,,,,0.1,0.2,,2.0
Vladimir Coufal,TSG 1899 Hoffenheim,DEF,1.7,30.9,4.0,8.0,,0.5,27.0,,3.3,4.0,0.2,0.5,0.03,0.6,1.0,,0.05,,1.1,,,0.4,,,,0.2,0.9,1.0,2.0
Václav Cerny,VfL Wolfsburg,ATT,,,,,,,,,,0.0,,0.0,,,,,,,,,,,,,,,,,
Wael Mohya,Borussia Mönchengladbach,Code_2,,,,,,,1.0,,,0.1,,0.1,,0.1,,,,,,,,,,,,,,,
Waldemar Anton,Borussia Dortmund,DEF,2.5,66.9,,,,0.6,3.0,,5.4,0.6,0.03,1.0,0.06,2.1,0.8,,0.11,,0.8,,,0.1,,,,0.2,0.5,2.0,3.0
Warmed Omari,Hamburger SV,DEF,,,,,,,3.0,,,0.1,,0.0,,,,,,,,,,,,,,,,,
Willi Orban,RB Leipzig,DEF,2.3,61.0,,1.0,3.0,1.3,6.0,,7.0,0.6,0.03,2.0,0.1,2.1,0.6,,0.05,,1.1,,,,,,,0.3,0.2,1.0,2.0
William Bøving,1. FSV Mainz 05,ATT,,,1.0,1.0,,,2.0,,,0.4,,0.0,,,,,,,,,,,,,,,,,1.0
William Mikelbrencis,Hamburger SV,DEF,0.8,19.1,1.0,2.0,1.0,0.3,6.0,,2.2,0.6,0.1,0.8,0.12,0.6,1.7,,,,0.3,,,0.3,,,,0.6,0.5,,
Wisdom Mike,Bayern München,ATT,,,,,,,,,,0.0,,0.1,,0.1,,,,,,,,,,,,,,,
Woo-Yeong Jeong,1. FC Union Berlin,ATT,0.3,20.1,1.0,,2.0,,4.0,,1.0,0.6,0.08,1.7,0.22,1.9,0.9,,0.25,,0.4,,,0.4,,,,0.6,0.8,2.0,
Wouter Burger,TSG 1899 Hoffenheim,MID,2.3,37.2,5.0,9.0,2.0,0.3,31.0,,2.6,3.3,0.2,2.2,0.14,3.7,2.3,,0.25,,0.7,1.0,1.0,0.7,1.0,,,0.6,0.2,4.0,4.0
Xaver Schlager,RB Leipzig,MID,1.3,42.1,,1.0,1.0,0.2,11.0,,1.4,1.8,0.15,1.3,0.11,1.8,1.2,,0.17,,0.6,,,0.5,,,,0.4,1.1,2.0,2.0
Xavi Simons,RB Leipzig,ATT,,,,,,,1.0,,,0.0,,,,,,,,,,,,,,,,,,,
Yan Couto,Borussia Dortmund,MID,1.5,34.8,2.0,4.0,,0.1,15.0,,1.5,2.6,0.28,0.6,0.07,1.0,1.3,,0.11,,0.6,,,0.3,,,,0.3,1.1,1.0,4.0
Yan Diomande,RB Leipzig,ATT,1.1,33.7,4.0,5.0,3.0,0.1,29.0,,0.4,4.2,0.29,3.5,0.25,6.6,0.6,,0.49,,0.8,,,0.6,,,,1.1,4.2,7.0,2.0
Yannick Gerhardt,VfL Wolfsburg,MID,0.7,33.9,,,,0.6,5.0,,2.5,0.5,0.05,0.5,0.06,,1.8,,,,0.8,,,,,,,,,,1.0
Yannik Engelhardt,Borussia Mönchengladbach,MID,0.8,38.5,1.0,1.0,,0.5,5.0,,2.0,1.0,0.06,1.0,0.06,0.8,1.6,,0.07,,0.8,,,0.3,,,,0.3,0.2,1.0,2.0
Yannik Keitel,FC Augsburg,MID,,,,,,,,,,0.0,,,,,,,,,,,,,,,,,,,1.0
Yannik Wagner,1. FC Heidenheim 1846,Code_3,,,,1.0,,,2.0,,,0.5,,0.0,,,,,,,,,,,,,,,,,
Younes Ebnoutalib,Eintracht Frankfurt,ATT,,,,,,,2.0,,,0.0,,0.4,,0.2,,,,,,,,,,,,,,1.0,
Youssoupha Niang,1. FC Köln,Code_3,,,,,,,,,,0.0,,,,,,,,,,,,,,,,,,,
Yuito Suzuki,Sport-Club Freiburg,ATT,1.1,17.7,2.0,1.0,4.0,,15.0,,0.7,1.3,0.12,2.8,0.26,3.4,0.9,,0.28,,0.5,,,0.6,,,,1.0,0.8,3.0,2.0
Yukinari Sugawara,SV Werder Bremen,DEF,2.4,33.1,4.0,2.0,2.0,0.1,12.0,,2.8,1.8,0.1,1.6,0.09,1.2,0.7,,,,0.5,,,0.3,,,,0.4,0.5,,1.0
Yussuf Poulsen,Hamburger SV,ATT,,,,,,,1.0,,,0.2,,0.8,,0.8,,,,,,,,,,,,,,1.0,3.0
